lncbook_id,noncode_id,symbol,ensembl_id,ncbi_id,lethal_count,chr,start,end,strand,source
HSALNG0000229,NONHSAG057419.1,,,,265,chr1,2189825,2235354,-,lncbook;noncode
HSALNG0000754,,,,,6,chr1,10247242,10260138,-,lncbook
HSALNG0000758,,,,,22,chr1,10339025,10354118,-,lncbook
HSALNG0000760,,,,,16,chr1,10357983,10366735,-,lncbook
HSALNG0000761,NONHSAG057488.2,,ENSG00000284735.1,,137,chr1,10368416,10398831,-,lncbook;noncode
HSALNG0001268,,,,,1,chr1,17373170,17377477,-,lncbook
HSALNG0001461,NONHSAG000579.3,PINK1-AS,ENSG00000117242.7,100861548.0,1,chr1,20642657,20652193,-,noncode
HSALNG0001461,NONHSAG000579.3,PINK1-AS,ENSG00000117242.7,100861548.0,1,chr1,20642657,20652210,-,lncbook
HSALNG0001515,,,,,1,chr1,21440150,21457172,+,lncbook
HSALNG0001533,,,,,37,chr1,21819823,21823488,+,lncbook
HSALNG0001535,NONHSAG105321.1,,,,7,chr1,21835153,21836917,-,lncbook;noncode
HSALNG0001536,,,,,42,chr1,21852560,21856151,+,lncbook
HSALNG0001537,,,,,8,chr1,21857015,21860229,-,lncbook
HSALNG0001538,NONHSAG000616.2,,,,14,chr1,21872630,21874537,-,lncbook;noncode
HSALNG0001636,,,,,1,chr1,23539869,23574101,+,lncbook
HSALNG0002304,NONHSAG000938.3,,,,261,chr1,32231560,32289736,-,lncbook
HSALNG0002366,NONHSAG000967.2,,ENSG00000236065.2,,8,chr1,32984295,33032469,+,lncbook
HSALNG0002366,NONHSAG000967.2,,ENSG00000236065.2,,8,chr1,32986952,33032469,+,noncode
HSALNG0002922,,,,,105,chr1,41003156,41011754,+,lncbook
HSALNG0003027,NONHSAG056385.1,,,,2,chr1,42731636,42755945,+,lncbook;noncode
HSALNG0003215,NONHSAG001284.3,,,,84,chr1,44781870,44869447,+,lncbook
HSALNG0003310,NONHSAG056416.1,,,,2,chr1,46228410,46255062,+,lncbook;noncode
HSALNG0003395,NONHSAG001375.3,"FOXD2-AS1,LINC01389",ENSG00000225762.1,84793.0,14,chr1,47357154,47437695,-,lncbook
HSALNG0003395,NONHSAG001375.3,"FOXD2-AS1,LINC01389",ENSG00000225762.1,84793.0,14,chr1,47380715,47437695,-,noncode
HSALNG0004167,NONHSAG056517.1,,,,1,chr1,64787837,65202396,+,lncbook;noncode
HSALNG0004491,NONHSAG056557.1,,,,1,chr1,74350018,74398685,+,lncbook;noncode
HSALNG0004492,NONHSAG001837.2,,ENSG00000237324.3,,1,chr1,74341579,74378802,-,lncbook;noncode
HSALNG0005171,,,,,2,chr1,91732731,91735609,+,lncbook
HSALNG0005347,NONHSAG002134.2,,,,18,chr1,94982723,95072951,-,noncode
HSALNG0005347,NONHSAG002134.2,,,,3,chr1,94983189,95027203,-,lncbook
HSALNG0005351,NONHSAG002135.2,ALG14-AS1,ENSG00000230427.1,101928098.0,9,chr1,95061434,95067605,+,lncbook
HSALNG0005351,NONHSAG002135.2,ALG14-AS1,ENSG00000230427.1,101928098.0,9,chr1,95061596,95067546,+,noncode
HSALNG0005519,NONHSAG057985.1,,,,407,chr1,100187538,100215618,-,lncbook;noncode
HSALNG0005521,,,ENSG00000285530.1,,175,chr1,100218710,100253414,+,lncbook
HSALNG0005615,,,,,1,chr1,102914389,103108157,+,lncbook
HSALNG0006082,NONHSAG058034.1,,,,6,chr1,111978757,112162051,-,lncbook
HSALNG0006082,NONHSAG058034.1,,,,6,chr1,111978757,112162141,-,noncode
HSALNG0006084,,LINC01750,ENSG00000231437.3,643355.0,6,chr1,111939795,111999349,+,lncbook
HSALNG0006220,NONHSAG002490.2,,,,1,chr1,114399559,114427782,-,noncode
HSALNG0006287,NONHSAG056768.1,,,,102,chr1,115720899,115727431,+,lncbook;noncode
HSALNG0006288,NONHSAG058054.1,,,,45,chr1,115724223,115725691,-,lncbook;noncode
HSALNG0006289,,,,,89,chr1,115750117,115790686,+,lncbook
HSALNG0006512,NONHSAG105516.1,,,,2,chr1,119743883,119744212,-,lncbook
HSALNG0006512,NONHSAG105516.1,,,,47,chr1,119726999,119744212,-,noncode
HSALNG0006799,NONHSAG002731.2,LINC00624,ENSG00000278811.4,100289211.0,1,chr1,147258885,147517875,-,noncode
HSALNG0006799,NONHSAG002731.2,LINC00624,ENSG00000278811.4,100289211.0,1,chr1,147258885,147517918,-,lncbook
HSALNG0007683,NONHSAG056890.1,,ENSG00000227217.1,,1,chr1,157517950,157705524,+,lncbook
HSALNG0007689,NONHSAG056891.1,,,,1,chr1,157570916,157711449,+,lncbook
HSALNG0007932,NONHSAG003260.2,,,,636,chr1,161323614,161363187,+,lncbook;noncode
HSALNG0007958,NONHSAG003269.2,,ENSG00000273112.1,,1,chr1,161513176,161605656,+,lncbook
HSALNG0008229,,,,,1,chr1,167431173,167435829,-,lncbook
HSALNG0008544,NONHSAG056978.1,,,,66,chr1,173823609,173834869,+,lncbook;noncode
HSALNG0008545,NONHSAG003504.3,GAS5,ENSG00000234741.8,60674.0,42,chr1,173851285,173869006,-,lncbook;noncode
HSALNG0009325,,,,,341,chr1,193121267,193130659,-,lncbook
HSALNG0009326,,,,,142,chr1,193207020,193217254,-,lncbook
HSALNG0009329,,,,,19,chr1,193253829,193265208,-,lncbook
HSALNG0009430,NONHSAG058355.1,,,,1,chr1,197074115,197204051,-,lncbook;noncode
HSALNG0009507,NONHSAG057083.1,,,,1,chr1,198678328,198744915,+,lncbook;noncode
HSALNG0009511,NONHSAG059767.2,MIR181A1HG,ENSG00000229989.4,100131234.0,5,chr1,198774917,198937540,-,lncbook
HSALNG0009512;HSALNG0009525,NONHSAG059768.2,LINC01222,ENSG00000233410.1,102800316.0,5,chr1,198802218,199021038,-,noncode
HSALNG0009519,NONHSAG003886.2,,,,3,chr1,198878407,198916300,+,lncbook
HSALNG0009521,NONHSAG003884.2,,,,2,chr1,198898730,198906565,+,lncbook;noncode
HSALNG0009615,NONHSAG003911.3,,ENSG00000229191.1,,221,chr1,201023944,201043074,+,lncbook
HSALNG0009615,NONHSAG003911.3,,ENSG00000229191.1,,319,chr1,201023931,201043642,+,noncode
HSALNG0009617,NONHSAG057094.1,,,,216,chr1,201052809,201060506,+,lncbook
HSALNG0009617,NONHSAG057094.1,,,,85,chr1,201053456,201054566,+,noncode
HSALNG0009618,NONHSAG057096.1,,,,261,chr1,201086889,201093848,+,lncbook;noncode
HSALNG0009720,NONHSAG003957.2,,,,1,chr1,202331677,202333478,-,lncbook;noncode
HSALNG0010602,NONHSAG004303.3,TGFB2-AS1,ENSG00000232480.1,728463.0,28,chr1,218344160,218346129,-,noncode
HSALNG0010602,NONHSAG004303.3,TGFB2-AS1,ENSG00000232480.1,728463.0,32,chr1,218344159,218346319,-,lncbook
HSALNG0010604,NONHSAG057222.1,TGFB2-OT1,ENSG00000281453.1,103611157.0,32,chr1,218442626,218443996,+,lncbook;noncode
HSALNG0010605,,,,,4,chr1,218444447,218445857,-,lncbook
HSALNG0010704,NONHSAG058485.1,,,,1,chr1,220108328,220131386,-,lncbook;noncode
HSALNG0011325,,,,,1,chr1,229430444,229434234,+,lncbook
HSALNG0011590,NONHSAG004673.3,,ENSG00000236358.1,,6,chr1,234291306,234407375,+,lncbook
HSALNG0011591,NONHSAG004674.3,COA6-AS1,ENSG00000231663.1,101927765.0,1,chr1,234365245,234373652,-,lncbook;noncode
HSALNG0011706,NONHSAG058580.1,,,,1,chr1,235419515,235426983,-,lncbook;noncode
HSALNG0011807,NONHSAG058585.1,,,,36,chr1,237336348,237364560,-,lncbook;noncode
HSALNG0011808,,,,,37,chr1,237527577,237543077,-,lncbook
HSALNG0011810,,,,,94,chr1,237670258,237675863,-,lncbook
HSALNG0011812,NONHSAG058586.1,,,,918,chr1,237782304,237807006,-,lncbook;noncode
HSALNG0012262,,,,,1,chr1,247439377,247519231,-,lncbook
HSALNG0012576,NONHSAG026852.2,TRAPPC12-AS1,ENSG00000225234.1,100861515.0,9,chr2,3467910,3483253,-,lncbook
HSALNG0013205,NONHSAG078488.1,,,,1,chr2,15914499,15980336,-,lncbook;noncode
HSALNG0013206,NONHSAG027075.3,,ENSG00000233718.8,,1,chr2,15918350,15942249,-,lncbook
HSALNG0013206,NONHSAG027075.3,,ENSG00000233718.8,,1,chr2,15920772,15942249,-,noncode
HSALNG0013298,NONHSAG027110.2,,,,3,chr2,17762472,17801323,-,lncbook
HSALNG0013707,NONHSAG027276.2,,,,103,chr2,26193779,26197679,+,lncbook
HSALNG0013707,NONHSAG027276.2,,,,89,chr2,26194219,26196447,+,noncode
HSALNG0013708,NONHSAG077211.1,,,,18,chr2,26197720,26198634,+,lncbook;noncode
HSALNG0013709,,,,,35,chr2,26200799,26203267,+,lncbook
HSALNG0013710,NONHSAG027278.2,,,,37,chr2,26213065,26215013,+,lncbook;noncode
HSALNG0013713,,,,,173,chr2,26236454,26258303,+,lncbook
HSALNG0013926,NONHSAG078571.1,,,,1135,chr2,29178575,29210685,-,lncbook;noncode
HSALNG0013927,,,,,2027,chr2,29195705,29239774,+,lncbook
HSALNG0013928,,,,,586,chr2,29239828,29301123,+,lncbook
HSALNG0013929,NONHSAG027374.2,,ENSG00000286963.1,,129,chr2,29319322,29327492,+,noncode
HSALNG0013929,NONHSAG027374.2,,ENSG00000286963.1,,272,chr2,29319203,29352359,+,lncbook
HSALNG0013932,,,,,8,chr2,29532117,29547338,+,lncbook
HSALNG0013938,,,,,132,chr2,29714136,29720087,+,lncbook
HSALNG0013944,NONHSAG079743.2,,ENSG00000233862.7,,791,chr2,29841187,30147798,-,lncbook
HSALNG0014565,,,,,1,chr2,43886044,43886579,+,lncbook
HSALNG0014569,NONHSAG027618.2,,,,1,chr2,43995985,43996754,+,lncbook;noncode
HSALNG0014732,NONHSAG027682.2,,,,136,chr2,47067453,47198470,-,lncbook;noncode
HSALNG0014737,NONHSAG077322.1,,,,136,chr2,47138008,47217998,+,lncbook;noncode
HSALNG0014738,NONHSAG110158.1,,,,136,chr2,47160082,47176601,-,lncbook;noncode
HSALNG0014748,,BCYRN1,,618.0,1677,chr2,47253015,47411003,+,lncbook
HSALNG0014755,NONHSAG077326.1,,,,321,chr2,47461754,47467970,+,lncbook;noncode
HSALNG0014756,,,,,188,chr2,47480781,47482872,-,lncbook
HSALNG0014773,NONHSAG078670.1,,,,5169,chr2,47795200,48094487,-,lncbook;noncode
HSALNG0015042,NONHSAG079880.2,,ENSG00000272180.1,,2,chr2,55705395,56386171,+,lncbook
HSALNG0015042;HSALNG0015050,NONHSAG079880.2,,ENSG00000272180.1,,2,chr2,55705434,56035156,+,noncode
HSALNG0015050,NONHSAG079880.2,,,,2,chr2,55805662,56035156,+,lncbook
HSALNG0015052,NONHSAG078698.1,,,,1,chr2,55816695,55900830,-,lncbook;noncode
HSALNG0015119,,,,,20,chr2,58160187,58161525,+,lncbook
HSALNG0015120,,,,,150,chr2,58192325,58223086,+,lncbook
HSALNG0015121,NONHSAG077367.1,,ENSG00000273063.1,,4,chr2,58241349,58241686,+,lncbook;noncode
HSALNG0015359,NONHSAG109794.1,,ENSG00000228541.1,,1,chr2,62224995,62673770,+,lncbook
HSALNG0015380,NONHSAG078741.1,,,,1,chr2,62441137,62516231,-,lncbook;noncode
HSALNG0015737,NONHSAG109806.1,,,,1,chr2,69437082,69438252,+,lncbook;noncode
HSALNG0015865,NONHSAG028141.3,,,,90,chr2,71082537,71182251,+,lncbook
HSALNG0015867,NONHSAG028142.2,,,,66,chr2,71110765,71130220,-,lncbook;noncode
HSALNG0015917,NONHSAG028159.3,,,,1,chr2,72142868,72147582,+,lncbook
HSALNG0016501,NONHSAG077518.1,,,,14,chr2,85543002,85545273,+,lncbook;noncode
HSALNG0017031,NONHSAG077551.2,,,285033.0,322,chr2,96208407,96254237,+,noncode
HSALNG0017033,,,,,884,chr2,96248582,96272870,-,lncbook
HSALNG0017165,,,,,1,chr2,97711987,97717210,-,lncbook
HSALNG0017166,,,,,5,chr2,97735468,97736811,-,lncbook
HSALNG0017577,NONHSAG078934.1,,,,10,chr2,105359288,105388845,-,lncbook;noncode
HSALNG0017579,NONHSAG028820.2,,ENSG00000238273.3,,6,chr2,105363038,105378842,+,lncbook;noncode
HSALNG0017683,NONHSAG028857.2,LINC01885,ENSG00000237880.2,105373538.0,1,chr2,107370583,107753888,-,lncbook
HSALNG0017686,NONHSAG080253.2,,,,1,chr2,107534180,107584273,-,lncbook
HSALNG0017686,NONHSAG080253.2,,,,1,chr2,107534180,107587169,-,noncode
HSALNG0018028,NONHSAG078983.2,,,,6,chr2,113055680,113375038,-,noncode
HSALNG0018028,NONHSAG078983.2,,,,6,chr2,113055680,113375557,-,lncbook
HSALNG0018031,NONHSAG078980.1,,,,2,chr2,113131056,113133279,-,lncbook;noncode
HSALNG0020385,NONHSAG079231.2,ITGA6-AS1,ENSG00000232788.1,101929947.0,212,chr2,172464229,172556596,-,noncode
HSALNG0020385,NONHSAG079231.2,ITGA6-AS1,ENSG00000232788.1,101929947.0,212,chr2,172464229,172558707,-,lncbook
HSALNG0020486,NONHSAG077962.1,,,,1,chr2,174255387,174483070,+,lncbook;noncode
HSALNG0020501,NONHSAG029873.2,,ENSG00000236449.2,,377,chr2,174531973,174847133,+,lncbook
HSALNG0020501,NONHSAG029873.2,,ENSG00000236449.2,,377,chr2,174547141,174774828,+,noncode
HSALNG0020508,NONHSAG029880.2,,,,51,chr2,174757643,174759602,-,lncbook;noncode
HSALNG0020713,NONHSAG029956.2,TTN-AS1,ENSG00000237298.10,100506866.0,2143,chr2,178521183,178779963,+,lncbook;noncode
HSALNG0020714,NONHSAG078006.1,,,,16,chr2,178525990,178527026,+,lncbook;noncode
HSALNG0020715,NONHSAG079275.1,,,,5,chr2,178539247,178539547,-,lncbook;noncode
HSALNG0020716,NONHSAG029957.2,,ENSG00000270277.1,,24,chr2,178548884,178550681,+,lncbook;noncode
HSALNG0020717,NONHSAG029959.2,,ENSG00000271011.1,,6,chr2,178577103,178577622,+,lncbook;noncode
HSALNG0020718,NONHSAG029961.2,,ENSG00000271141.1,,7,chr2,178616581,178617123,+,lncbook;noncode
HSALNG0020719,NONHSAG029962.2,,,,2,chr2,178624448,178624720,+,lncbook;noncode
HSALNG0020721,NONHSAG029964.2,,,,138,chr2,178649283,178679393,-,lncbook
HSALNG0020721,NONHSAG029964.2,,,,215,chr2,178641272,178696072,-,noncode
HSALNG0020723,NONHSAG029965.2,,ENSG00000267784.1,,24,chr2,178723457,178727046,+,noncode
HSALNG0020723,NONHSAG029965.2,,ENSG00000267784.1,,26,chr2,178723252,178727046,+,lncbook
HSALNG0020724,,,,,11,chr2,178784900,178788295,+,lncbook
HSALNG0020983,,,,,1,chr2,186848857,186853784,+,lncbook
HSALNG0021026,NONHSAG079297.1,,,,14,chr2,188982965,188984800,-,noncode
HSALNG0021026,NONHSAG079297.1,,,,31,chr2,188966458,188984800,-,lncbook
HSALNG0021028,,,,,111,chr2,188994064,188995767,-,lncbook
HSALNG0021030,,,,,146,chr2,189007611,189010356,-,lncbook
HSALNG0021036,,,,,29,chr2,189100347,189179806,-,lncbook
HSALNG0021079,NONHSAG079300.1,,,,10,chr2,189852771,189879675,-,lncbook
HSALNG0021079,NONHSAG079300.1,,,,10,chr2,189852821,189879675,-,noncode
HSALNG0021081,NONHSAG079301.1,,,,4,chr2,189863659,189869815,-,lncbook;noncode
HSALNG0021618,NONHSAG110425.1,,ENSG00000273456.1,,2,chr2,202371614,202376947,-,lncbook
HSALNG0021620,NONHSAG078096.1,,,,22,chr2,202451765,202475917,+,lncbook;noncode
HSALNG0021624,,,,,45,chr2,202521213,202551118,-,lncbook
HSALNG0021625,NONHSAG079342.1,,,,38,chr2,202527357,202533730,-,lncbook;noncode
HSALNG0021626,NONHSAG078097.1,,,,31,chr2,202551872,202565848,+,lncbook;noncode
HSALNG0021783,NONHSAG078112.1,,,,7,chr2,206121314,206123338,+,lncbook;noncode
HSALNG0021784,NONHSAG079358.1,,,,26,chr2,206121763,206127377,-,lncbook;noncode
HSALNG0022054,NONHSAG030440.3,SNHG31,ENSG00000229267.3,101928103.0,334,chr2,214809183,214969553,+,noncode
HSALNG0022054,NONHSAG030440.3,SNHG31,ENSG00000229267.3,101928103.0,334,chr2,214809183,215085488,+,lncbook
HSALNG0022253;HSALNG0022254,NONHSAG030525.3,CATIP-AS1,ENSG00000225062.1,101928513.0,1,chr2,218363912,218399644,-,noncode
HSALNG0022376,NONHSAG078178.1,,,,2,chr2,219395231,219422930,+,lncbook;noncode
HSALNG0022378,NONHSAG030583.2,,,,2,chr2,219421436,219426734,+,lncbook
HSALNG0022378,NONHSAG030583.2,,,,3,chr2,219418748,219426737,+,noncode
HSALNG0022515,,,,,4,chr2,222155233,222259924,+,lncbook
HSALNG0022875,NONHSAG030739.3,,ENSG00000235419.5,,1,chr2,230443107,230580006,-,lncbook
HSALNG0024085,,,,,199,chr3,10042614,10048059,+,lncbook
HSALNG0024087,,,,,488,chr3,10081320,10108223,-,lncbook
HSALNG0024091,NONHSAG085333.1,,ENSG00000287086.1,,150,chr3,10148326,10153298,-,noncode
HSALNG0024091,NONHSAG085333.1,,ENSG00000287086.1,,150,chr3,10148326,10153664,-,lncbook
HSALNG0024214,NONHSAG085347.1,,,,1,chr3,12430223,12434194,-,noncode
HSALNG0024214,NONHSAG085347.1,,,,1,chr3,12430223,12438733,-,lncbook
HSALNG0024317,,,,,125,chr3,14141443,14144509,-,lncbook
HSALNG0024318,NONHSAG034492.3,,ENSG00000228242.6,107986063.0,10,chr3,14144637,14165978,+,lncbook;noncode
HSALNG0024918,NONHSAG111452.1,,,,1,chr3,30603889,30606347,-,noncode
HSALNG0024918,NONHSAG111452.1,,,,3,chr3,30603886,30606564,-,lncbook
HSALNG0024921,NONHSAG084533.1,,,,511,chr3,30670453,30674301,+,lncbook;noncode
HSALNG0025161,,,,,1879,chr3,37011419,37046645,+,lncbook
HSALNG0025384,NONHSAG034846.2,,,,1,chr3,41239184,41240443,+,lncbook;noncode
HSALNG0025908,NONHSAG111489.1,,,,192,chr3,49095933,49098959,-,lncbook;noncode
HSALNG0025942,,,,,525,chr3,49416834,49422172,-,lncbook
HSALNG0025982,NONHSAG035096.2,,ENSG00000228008.1,,1,chr3,49899145,49925038,+,lncbook
HSALNG0026147,,,,,211,chr3,52407179,52408047,-,lncbook
HSALNG0026148,,,,,43,chr3,52408688,52409676,+,lncbook
HSALNG0026167,,,,,1,chr3,52536628,52579104,+,lncbook
HSALNG0026384,,,,,127,chr3,57902659,57920752,-,lncbook
HSALNG0026453,NONHSAG035287.2,,ENSG00000243295.2,105377110.0,4,chr3,59050164,59882128,+,lncbook
HSALNG0026690,NONHSAG085571.1,,,,24,chr3,69000976,69004709,-,lncbook;noncode
HSALNG0026713,,,,,4,chr3,69859187,69888634,-,lncbook
HSALNG0026932,NONHSAG035456.3,LINC00960,ENSG00000242516.2,401074.0,1,chr3,75672100,75742048,+,lncbook
HSALNG0027090,NONHSAG111275.1,,,,1,chr3,81761307,81761666,+,lncbook;noncode
HSALNG0027333,NONHSAG035531.2,,,,1,chr3,93980220,94036736,+,noncode
HSALNG0027335,,,,,1,chr3,93997253,94003967,+,lncbook
HSALNG0028306,,,,,34,chr3,119402311,119418215,-,lncbook
HSALNG0028322,,,,,1,chr3,119498532,119517315,+,lncbook
HSALNG0028482,NONHSAG085708.2,,,,10,chr3,122254321,122306508,-,lncbook
HSALNG0028546,NONHSAG035914.3,MYLK-AS1,ENSG00000239523.6,100506826.0,297,chr3,123584697,123659511,+,lncbook
HSALNG0028546,NONHSAG035914.3,MYLK-AS1,ENSG00000239523.6,100506826.0,297,chr3,123584697,123660960,+,noncode
HSALNG0028550,NONHSAG035919.2,MYLK-AS2,ENSG00000250174.5,100873940.0,301,chr3,123688623,123718005,+,lncbook
HSALNG0028551,,,,,100,chr3,123733044,123737047,+,lncbook
HSALNG0028792,,,,,1,chr3,128394566,128411744,-,lncbook
HSALNG0028800,NONHSAG084937.2,GATA2-AS1,ENSG00000244300.3,101927167.0,7,chr3,128488630,128541828,+,lncbook
HSALNG0028800;HSALNG0028801,NONHSAG084937.2,GATA2-AS1,ENSG00000244300.3,101927167.0,7,chr3,128488081,128541828,+,noncode
HSALNG0029035,NONHSAG036115.2,NPHP3-AS1,ENSG00000248724.6,348808.0,2,chr3,132722342,132874223,+,noncode
HSALNG0029035,NONHSAG036115.2,NPHP3-AS1,ENSG00000248724.6,348808.0,3,chr3,132721750,132874660,+,lncbook
HSALNG0029176,NONHSAG111598.1,,,,137,chr3,136249754,136250543,-,lncbook;noncode
HSALNG0029178,NONHSAG084979.1,,,,169,chr3,136327618,136330169,+,lncbook;noncode
HSALNG0029448,NONHSAG085011.1,,,,43,chr3,142447861,142462090,+,lncbook;noncode
HSALNG0029451,NONHSAG036263.2,,ENSG00000244327.1,,23,chr3,142465315,142472337,-,lncbook;noncode
HSALNG0029454,,,,,8,chr3,142476827,142493176,+,lncbook
HSALNG0030575,NONHSAG036612.2,,,,3,chr3,169477719,169663649,-,lncbook;noncode
HSALNG0030661,NONHSAG087056.2,,ENSG00000286856.1,,1,chr3,170908744,171206327,+,lncbook
HSALNG0030867,NONHSAG036718.2,,,,1,chr3,177025257,177050114,-,noncode
HSALNG0031198,NONHSAG085975.2,,ENSG00000272721.5,105374249.0,1,chr3,184074024,184155299,-,noncode
HSALNG0031198,NONHSAG085975.2,,ENSG00000272721.5,105374249.0,1,chr3,184074024,184217361,-,lncbook
HSALNG0031521,,,,,1,chr3,189846174,189869492,-,lncbook
HSALNG0032602,,,,,1,chr4,5562563,5568483,-,lncbook
HSALNG0033040,,C1QTNF7-AS1,ENSG00000249252.5,101929095.0,755,chr4,15004844,15545695,-,lncbook
HSALNG0033091,NONHSAG037559.2,,ENSG00000249234.1,,1,chr4,16178939,16186814,+,lncbook
HSALNG0033474,NONHSAG112033.1,,,,1,chr4,26315313,26320900,-,lncbook;noncode
HSALNG0033475,,,,,1,chr4,26357526,26399697,-,lncbook
HSALNG0034066,NONHSAG037827.2,PHOX2B-AS1,ENSG00000250467.1,105374425.0,151,chr4,41748293,41824120,+,noncode
HSALNG0034066,NONHSAG037827.2,PHOX2B-AS1,ENSG00000250467.1,105374425.0,271,chr4,41746303,41855261,+,lncbook
HSALNG0034261,NONHSAG037891.2,,,,1,chr4,47913806,47990737,+,noncode
HSALNG0034261,NONHSAG037891.2,,,,1,chr4,47913806,48014696,+,lncbook
HSALNG0034438,NONHSAG037946.2,LNX1-AS1,ENSG00000250930.5,100873939.0,1,chr4,53496325,53549905,+,lncbook
HSALNG0034438,NONHSAG037946.2,LNX1-AS1,ENSG00000250930.5,100873939.0,1,chr4,53496400,53549579,+,noncode
HSALNG0034470,NONHSAG087563.1,,,,99,chr4,54230137,54261260,+,lncbook;noncode
HSALNG0034490,,,,,220,chr4,54733334,54753412,-,lncbook
HSALNG0034789,NONHSAG038060.2,,,,10,chr4,64276473,64409340,-,noncode
HSALNG0034789,NONHSAG038060.2,,,,5,chr4,64276473,64309931,-,lncbook
HSALNG0035394,,,,,1,chr4,78510483,78511369,-,lncbook
HSALNG0035589,NONHSAG038343.2,,,,1,chr4,83468752,83470462,+,lncbook;noncode
HSALNG0035744,NONHSAG088421.1,,,,19,chr4,88262036,88265054,-,lncbook;noncode
HSALNG0035746,NONHSAG038397.2,,,,61,chr4,88268740,88284694,-,lncbook;noncode
HSALNG0035772,,,,,1,chr4,88757853,88787748,+,lncbook
HSALNG0036166,,TET2-AS1,ENSG00000251586.1,104384744.0,10,chr4,105168197,105352986,-,lncbook
HSALNG0036347,,,,,2,chr4,109912891,109922243,+,lncbook
HSALNG0036491,NONHSAG038676.2,ANK2-AS1,ENSG00000249373.2,105377373.0,13,chr4,112973272,113072410,-,lncbook
HSALNG0036497,NONHSAG038682.2,,,,22,chr4,113373360,113381516,+,lncbook;noncode
HSALNG0036850,NONHSAG088493.1,,,,1,chr4,122349855,122362199,-,lncbook;noncode
HSALNG0037665,,,ENSG00000248356.1,,6,chr4,145642248,145650624,-,lncbook
HSALNG0037853,NONHSAG088593.1,,,,1,chr4,151256005,151325320,-,lncbook
HSALNG0037853,NONHSAG088593.1,,,,1,chr4,151256014,151316806,-,noncode
HSALNG0037967,NONHSAG039147.3,,ENSG00000249309.1,,5,chr4,153683139,153750975,+,lncbook
HSALNG0038116,,,,,1,chr4,157298734,157349910,-,lncbook
HSALNG0038442,NONHSAG039293.2,,ENSG00000249609.1,,416,chr4,168828108,168913969,-,lncbook
HSALNG0038445,,,,,467,chr4,168851580,168917930,-,lncbook
HSALNG0038448,,,,,351,chr4,168895178,168928417,+,lncbook
HSALNG0038449,NONHSAG039295.2,,,,385,chr4,168894484,169010252,-,noncode
HSALNG0039429,NONHSAG039620.3,,ENSG00000248925.1,102467073.0,253,chr5,254374,271517,-,noncode
HSALNG0039429,NONHSAG039620.3,,ENSG00000248925.1,102467073.0,253,chr5,254374,271628,-,lncbook
HSALNG0039540,NONHSAG090768.1,,,,17,chr5,1255085,1255285,-,lncbook;noncode
HSALNG0039543,NONHSAG089928.1,,,,1,chr5,1295161,1296835,+,lncbook
HSALNG0039543,NONHSAG089928.1,,,,3,chr5,1295161,1297666,+,noncode
HSALNG0041149,NONHSAG040179.2,,ENSG00000248969.1,,1,chr5,35675954,35860399,-,lncbook
HSALNG0041181,NONHSAG040188.2,,,,95,chr5,36194822,36219691,-,lncbook;noncode
HSALNG0042406,,,,,1,chr5,68235333,68316166,-,lncbook
HSALNG0042407,,,,,1,chr5,68278860,68319937,-,lncbook
HSALNG0042440,NONHSAG091025.1,,,,2,chr5,68995440,69125539,-,lncbook;noncode
HSALNG0042447,NONHSAG040601.3,,ENSG00000248664.1,,2,chr5,69113112,69159496,-,noncode
HSALNG0042447,NONHSAG040601.3,,ENSG00000248664.1,,2,chr5,69113112,69166937,-,lncbook
HSALNG0042694,,,,,1,chr5,74682891,74685118,-,lncbook
HSALNG0042697,NONHSAG040729.2,,,,68,chr5,74718292,74718971,+,lncbook;noncode
HSALNG0043002,,,,,596,chr5,80654360,80665353,+,lncbook
HSALNG0043004,NONHSAG090297.1,,,,303,chr5,80761561,80768946,+,lncbook;noncode
HSALNG0043145,NONHSAG040909.2,VCAN-AS1,ENSG00000249835.2,105379054.0,1,chr5,83509878,83581321,-,noncode
HSALNG0043145,NONHSAG040909.2,VCAN-AS1,ENSG00000249835.2,105379054.0,1,chr5,83513481,83582047,-,lncbook
HSALNG0043287,NONHSAG090323.1,,,,6,chr5,87155904,87283772,+,lncbook;noncode
HSALNG0043295,,,,,1,chr5,87372219,87376386,-,lncbook
HSALNG0044175,NONHSAG041256.2,,,,484,chr5,112707621,112775653,+,lncbook
HSALNG0044175,NONHSAG041256.2,,,,488,chr5,112707534,112775653,+,noncode
HSALNG0044176,,,,,899,chr5,112731309,112813837,-,lncbook
HSALNG0044727,,,,,70,chr5,128259787,128274472,+,lncbook
HSALNG0044728,NONHSAG041480.2,,,,197,chr5,128320231,128366423,+,lncbook
HSALNG0044728,NONHSAG041480.2,,,,92,chr5,128339387,128369342,+,noncode
HSALNG0044729,,,,,12,chr5,128444858,128447989,+,lncbook
HSALNG0044863,,,,,216,chr5,132595154,132600107,+,lncbook
HSALNG0044864,NONHSAG041529.2,TH2LCRR,ENSG00000223442.1,101927761.0,643,chr5,132629341,132666458,-,lncbook
HSALNG0044864,NONHSAG041529.2,TH2LCRR,ENSG00000223442.1,101927761.0,643,chr5,132630589,132664273,-,noncode
HSALNG0044998,NONHSAG041592.2,,,,3,chr5,134888139,134901510,+,noncode
HSALNG0045290;HSALNG0045294,NONHSAG041716.3,MALINC1,ENSG00000245146.7,100505636.0,298,chr5,140072857,140114769,-,noncode
HSALNG0045294,NONHSAG041716.3,,,100505636.0,149,chr5,140114420,140114769,-,lncbook
HSALNG0045377,NONHSAG041758.2,,ENSG00000280029.4,,1,chr5,141107368,141404734,-,lncbook
HSALNG0045612,NONHSAG041844.2,,ENSG00000251556.1,,1,chr5,146098324,146120413,+,lncbook
HSALNG0045612,NONHSAG041844.2,,ENSG00000251556.1,,1,chr5,146099406,146120413,+,noncode
HSALNG0045716,NONHSAG041883.2,,,,1,chr5,148452495,148559987,+,lncbook
HSALNG0045789,NONHSAG091310.1,,,,49,chr5,149983059,149986193,-,lncbook;noncode
HSALNG0045906,NONHSAG041966.2,,ENSG00000260581.1,,191,chr5,151253052,151705182,+,lncbook;noncode
HSALNG0046098,,,ENSG00000254246.1,,3,chr5,157070316,157114900,+,lncbook
HSALNG0046128,NONHSAG090634.2,,ENSG00000253519.1,,1,chr5,157565964,157577960,+,lncbook
HSALNG0046274,,,,,1,chr5,161302761,161522840,+,lncbook
HSALNG0046325,NONHSAG042138.2,HMMR-AS1,ENSG00000251018.2,101927813.0,5,chr5,163482571,163494080,-,lncbook
HSALNG0046325,NONHSAG042138.2,HMMR-AS1,ENSG00000251018.2,101927813.0,5,chr5,163482604,163494058,-,noncode
HSALNG0046674,NONHSAG090697.1,,,,32,chr5,173176623,173255537,+,lncbook
HSALNG0047545;HSALNG0047549,NONHSAG042722.3,NQO2-AS1,ENSG00000224846.3,105374888.0,1,chr6,2985298,3024771,-,noncode
HSALNG0047547,NONHSAG042724.2,,,,1,chr6,2993065,3022800,+,noncode
HSALNG0047547,NONHSAG042724.2,,,,1,chr6,3000889,3022800,+,lncbook
HSALNG0047567,NONHSAG113123.1,,,,1,chr6,3104423,3118597,-,noncode
HSALNG0047567,NONHSAG113123.1,,,,1,chr6,3104423,3118673,-,lncbook
HSALNG0047891,NONHSAG042957.3,,ENSG00000261189.1,101928076.0,123,chr6,7539834,7543117,-,noncode
HSALNG0047891,NONHSAG042957.3,,ENSG00000261189.1,101928076.0,124,chr6,7539834,7544903,-,lncbook
HSALNG0048722,NONHSAG093064.2,,ENSG00000272462.3,123706533.0,2,chr6,25992641,26271353,+,lncbook
HSALNG0048722,NONHSAG093064.2,,ENSG00000272462.3,123706533.0,2,chr6,25992699,26271353,+,noncode
HSALNG0048729,NONHSAG043229.2,,,,1,chr6,26087449,26095322,+,lncbook;noncode
HSALNG0049410,,,,,1,chr6,32472953,32589855,+,lncbook
HSALNG0049418,NONHSAG094091.1,,,,1,chr6,32569226,32586201,-,lncbook;noncode
HSALNG0049981,NONHSAG094148.2,,,,1,chr6,40878603,41106712,-,lncbook
HSALNG0049981,NONHSAG094148.2,,,,1,chr6,40878735,41106712,-,noncode
HSALNG0050030,NONHSAG043770.3,FOXP4-AS1,ENSG00000234753.5,101060264.0,2,chr6,41494042,41548670,-,lncbook
HSALNG0050030,NONHSAG043770.3,FOXP4-AS1,ENSG00000234753.5,101060264.0,2,chr6,41496105,41548621,-,noncode
HSALNG0050286,NONHSAG043851.2,,,,3,chr6,44299472,44300772,+,lncbook;noncode
HSALNG0050595,NONHSAG093267.1,,,,1,chr6,52068808,52073134,+,lncbook
HSALNG0050595,NONHSAG093267.1,,,,1,chr6,52069157,52072772,+,noncode
HSALNG0052167,NONHSAG044429.2,,,,5,chr6,98873934,98899346,-,lncbook
HSALNG0052167,NONHSAG044429.2,,,,6,chr6,98873725,98948006,-,noncode
HSALNG0052830,NONHSAG044624.2,,ENSG00000237234.7,,3,chr6,112116000,112166476,+,lncbook
HSALNG0052830,NONHSAG044624.2,,ENSG00000237234.7,,3,chr6,112116233,112166476,+,noncode
HSALNG0053052,,,,,5,chr6,117310756,117365094,+,lncbook
HSALNG0053091,,,,,1,chr6,118548313,118561847,+,lncbook
HSALNG0053159,,,,,2,chr6,121446863,121447122,-,lncbook
HSALNG0053233,NONHSAG093581.1,,,,28,chr6,123333242,123339509,+,noncode
HSALNG0053233,NONHSAG093581.1,,,,70,chr6,123308405,123339509,+,lncbook
HSALNG0053235,NONHSAG094470.1,,,,214,chr6,123337619,123439002,-,lncbook;noncode
HSALNG0053236,,,,,11,chr6,123349339,123352590,+,lncbook
HSALNG0053237,NONHSAG044751.2,TRDN-AS1,ENSG00000235535.8,101927990.0,169,chr6,123389421,123510241,+,noncode
HSALNG0053237,NONHSAG044751.2,TRDN-AS1,ENSG00000235535.8,101927990.0,198,chr6,123389421,123513455,+,lncbook
HSALNG0053239,,,ENSG00000285691.2,,100,chr6,123519439,123570916,+,lncbook
HSALNG0053242,NONHSAG113024.1,,ENSG00000285941.1,,10,chr6,123589711,123685323,+,lncbook
HSALNG0054064,,,,,46,chr6,144188810,144190541,-,lncbook
HSALNG0054374,NONHSAG045163.2,,,,1,chr6,151656692,151807981,+,noncode
HSALNG0054382,NONHSAG045166.2,,,,1,chr6,151842603,152094551,+,noncode
HSALNG0054891,NONHSAG113087.1,,,,3,chr6,161544607,161595373,+,lncbook
HSALNG0055491,NONHSAG097494.2,,ENSG00000240093.1,,3,chr7,82179,194357,-,lncbook
HSALNG0055503,NONHSAG046722.3,,,,3,chr7,180701,194181,-,noncode
HSALNG0055770,NONHSAG046811.2,CARD11-AS1,ENSG00000237286.1,101927256.0,94,chr7,2944024,2947092,+,lncbook;noncode
HSALNG0056996,NONHSAG097020.1,GARS1-DT,ENSG00000196295.12,401320.0,1,chr7,30384230,31211456,-,lncbook;noncode
HSALNG0057946,NONHSAG097101.1,,ENSG00000285165.1,,4,chr7,50382723,50400114,-,lncbook
HSALNG0057946,NONHSAG097101.1,,ENSG00000285165.1,,4,chr7,50385895,50400114,-,noncode
HSALNG0058160,,,,,76,chr7,55019296,55020877,-,lncbook
HSALNG0058163,,,,,384,chr7,55150308,55156125,-,lncbook
HSALNG0058164,NONHSAG047619.2,,,,634,chr7,55156607,55171211,+,lncbook;noncode
HSALNG0058165,,,,,126,chr7,55158866,55161285,-,lncbook
HSALNG0058166,NONHSAG047620.3,EGFR-AS1,ENSG00000224057.1,100507500.0,1423,chr7,55171673,55213723,-,noncode
HSALNG0058166,NONHSAG047620.3,EGFR-AS1,ENSG00000224057.1,100507500.0,515,chr7,55171673,55188949,-,lncbook
HSALNG0058571,,,,,2,chr7,65964146,65975006,-,lncbook
HSALNG0059043,NONHSAG097162.1,,,,1,chr7,76006795,76279258,-,lncbook;noncode
HSALNG0059132,NONHSAG048057.3,APTR,ENSG00000214293.9,100505854.0,1,chr7,77477984,77697068,-,noncode
HSALNG0059132,NONHSAG048057.3,APTR,ENSG00000214293.9,100505854.0,1,chr7,77477984,77697345,-,lncbook
HSALNG0059245,NONHSAG048101.3,CACNA2D1-AS1,ENSG00000223770.5,101927356.0,369,chr7,81690356,82030612,+,noncode
HSALNG0059245,NONHSAG048101.3,CACNA2D1-AS1,ENSG00000223770.5,101927356.0,440,chr7,81690254,82072476,+,lncbook
HSALNG0059259,,,,,50,chr7,82124813,82349644,-,lncbook
HSALNG0059515,NONHSAG048189.2,,,,1,chr7,91939509,91940928,-,lncbook
HSALNG0059515,NONHSAG048189.2,,,,16,chr7,91939877,91941137,-,noncode
HSALNG0059516,NONHSAG113834.1,,,,13,chr7,92085182,92085599,-,lncbook;noncode
HSALNG0059620,NONHSAG048228.2,,ENSG00000285090.1,,1,chr7,94261971,94395762,-,lncbook
HSALNG0059620,NONHSAG048228.2,,ENSG00000285090.1,,1,chr7,94261986,94395618,-,noncode
HSALNG0059629,,,,,43,chr7,94418419,94428429,-,lncbook
HSALNG0060046,,,,,1,chr7,100806539,100817072,+,lncbook
HSALNG0060268,,,,,1,chr7,104368189,104535463,+,lncbook
HSALNG0060327,,,,,1,chr7,105553629,105565108,+,lncbook
HSALNG0060393,NONHSAG097249.1,,,,1,chr7,106872884,106883879,-,lncbook;noncode
HSALNG0060458,,,,,25,chr7,107919876,107922039,-,lncbook
HSALNG0060740,NONHSAG048602.2,,ENSG00000243243.5,,1,chr7,116194588,116499546,-,lncbook
HSALNG0060752,,,ENSG00000235427.1,,1,chr7,116542718,116559613,-,lncbook
HSALNG0060755,NONHSAG048610.2,COMETT,ENSG00000243220.1,100996266.0,9,chr7,116563594,116688391,-,lncbook
HSALNG0060762,NONHSAG097285.1,,,,312,chr7,116739683,116741570,-,lncbook;noncode
HSALNG0060763,NONHSAG096599.1,,,,374,chr7,116758132,116763125,+,lncbook;noncode
HSALNG0060794,NONHSAG048623.2,,,,163,chr7,117447905,117504308,+,lncbook
HSALNG0060794,NONHSAG048623.2,,,,163,chr7,117447910,117504308,+,noncode
HSALNG0060795,,,,,493,chr7,117517139,117535411,+,lncbook
HSALNG0060798,NONHSAG048626.2,,ENSG00000083622.8,,1368,chr7,117604533,117691046,-,lncbook
HSALNG0060798,NONHSAG048626.2,,ENSG00000083622.8,,872,chr7,117604791,117647416,-,noncode
HSALNG0061066,NONHSAG048695.3,POT1-AS1,ENSG00000224897.8,401398.0,1,chr7,124925770,125179315,+,noncode
HSALNG0061066,NONHSAG048695.3,POT1-AS1,ENSG00000224897.8,401398.0,1,chr7,124925770,125482966,+,lncbook
HSALNG0061281,,,,,2,chr7,129191026,129214115,-,lncbook
HSALNG0062001,,,,,1,chr7,144403923,144779170,+,lncbook
HSALNG0062091,,,,,1,chr7,148802093,148824109,+,lncbook
HSALNG0062310,,,,,38,chr7,150974910,150977816,+,lncbook
HSALNG0062386,NONHSAG097436.1,,,,48,chr7,151835716,151879212,-,lncbook;noncode
HSALNG0062390,NONHSAG049185.2,PRKAG2-AS1,ENSG00000239911.2,100505483.0,46,chr7,151876284,151879326,+,lncbook
HSALNG0062390,NONHSAG049185.2,PRKAG2-AS1,ENSG00000239911.2,100505483.0,46,chr7,151876293,151879834,+,noncode
HSALNG0062433,,,,,538,chr7,152553917,152685031,+,lncbook
HSALNG0063531,NONHSAG099310.1,,,,20,chr8,13085595,13088522,-,lncbook;noncode
HSALNG0063540,,,,,11,chr8,13396494,13429327,+,lncbook
HSALNG0063547,NONHSAG098633.1,,,,51,chr8,13462698,13538562,+,lncbook
HSALNG0063617,,,,,2,chr8,16114396,16160630,+,lncbook
HSALNG0063700,NONHSAG049655.3,,,,40,chr8,18059644,18084110,-,lncbook
HSALNG0063700,NONHSAG049655.3,,,,41,chr8,18059644,18084944,-,noncode
HSALNG0063701,NONHSAG098653.2,,ENSG00000245281.8,101929066.0,1,chr8,18084154,18127402,+,lncbook
HSALNG0063701,NONHSAG098653.2,,ENSG00000245281.8,101929066.0,1,chr8,18084228,18127457,+,noncode
HSALNG0064117,NONHSAG099360.1,,,,1,chr8,26360972,26363872,-,lncbook;noncode
HSALNG0064118,NONHSAG099361.1,,,,8,chr8,26365290,26371129,-,lncbook;noncode
HSALNG0064337,,,,,1,chr8,30095676,30106028,+,lncbook
HSALNG0064590,NONHSAG098764.1,,,,1,chr8,37836737,37852651,+,lncbook;noncode
HSALNG0064881,,,,,53,chr8,42328144,42331092,-,lncbook
HSALNG0065082,NONHSAG099425.1,,,,26,chr8,47773111,47776867,-,lncbook;noncode
HSALNG0065087,NONHSAG050167.2,,ENSG00000287959.1,,44,chr8,47941394,47945779,+,lncbook
HSALNG0065451,,,,,1,chr8,56068467,56070446,+,lncbook
HSALNG0065452,NONHSAG050273.2,,,,17,chr8,56073058,56074492,-,lncbook;noncode
HSALNG0065692,NONHSAG050345.2,,,,1,chr8,61684035,61714575,-,noncode
HSALNG0065692,NONHSAG050345.2,,,,1,chr8,61684038,61714519,-,lncbook
HSALNG0066083,NONHSAG098896.1,,ENSG00000254031.6,,1,chr8,70669369,71228629,+,lncbook
HSALNG0066847,,,,,406,chr8,89933336,89953354,-,lncbook
HSALNG0066990,NONHSAG099615.1,,,,243,chr8,93752528,93769662,-,lncbook;noncode
HSALNG0066993,NONHSAG114109.1,,,,63,chr8,93814983,93816696,+,lncbook;noncode
HSALNG0067066,NONHSAG099623.1,,,,3,chr8,95037142,95048716,-,lncbook;noncode
HSALNG0067511,,,ENSG00000286337.1,,1,chr8,103315594,103323337,-,lncbook
HSALNG0067586,,,,,1,chr8,105429559,105444324,-,lncbook
HSALNG0067587,NONHSAG051010.2,ZFPM2-AS1,ENSG00000253420.1,102723356.0,13,chr8,105463815,106060524,-,lncbook
HSALNG0067947,,,,,1,chr8,116857279,116874771,-,lncbook
HSALNG0068436,NONHSAG099741.1,"CASC8,CASC11",ENSG00000246228.6,727677.0,3,chr8,127252769,127738987,-,lncbook
HSALNG0068468,NONHSAG114404.1,,,,1,chr8,127737776,127738352,-,lncbook;noncode
HSALNG0068704,,,,,1,chr8,132888401,132901300,-,lncbook
HSALNG0068721,,,,,1,chr8,133130110,133145483,-,lncbook
HSALNG0069352,NONHSAG099242.2,,,,175,chr8,143919768,143920248,+,lncbook
HSALNG0069352,NONHSAG099242.2,,,,2006,chr8,143868172,143922806,+,noncode
HSALNG0069353,,,,,29,chr8,143927909,143929008,-,lncbook
HSALNG0069439,,,ENSG00000265393.1,,45,chr8,144512567,144513672,+,lncbook
HSALNG0069610,,,,,1,chr9,2107860,2116316,-,lncbook
HSALNG0069862,,,,,161,chr9,6509208,6536027,+,lncbook
HSALNG0069867,NONHSAG114723.1,,,,132,chr9,6553432,6554909,-,lncbook;noncode
HSALNG0070392,NONHSAG101906.1,,ENSG00000236921.1,,1106,chr9,21932644,22239600,-,lncbook
HSALNG0070394,NONHSAG101227.1,CDKN2A-DT,ENSG00000224854.3,51198.0,859,chr9,21959789,21979105,+,lncbook
HSALNG0070397,NONHSAG101229.2,"CDKN2B-AS1,LINC01239",ENSG00000240498.9,100048912.0,237,chr9,21994130,22876946,+,noncode
HSALNG0070397,NONHSAG101229.2,"CDKN2B-AS1,LINC01239",ENSG00000240498.9,100048912.0,237,chr9,21994130,22876986,+,lncbook
HSALNG0070900,NONHSAG052097.2,,,,133,chr9,35073844,35074980,-,lncbook;noncode
HSALNG0070987,,,,,1,chr9,36214441,36255640,-,lncbook
HSALNG0071018,,,ENSG00000250850.2,,4,chr9,37002658,37008040,+,lncbook
HSALNG0071077,NONHSAG052179.2,,,,1,chr9,37779216,37800735,-,noncode
HSALNG0071739,NONHSAG052511.2,,,,1,chr9,69378768,69408830,-,lncbook
HSALNG0072961,NONHSAG101514.1,,,,165,chr9,95147217,95161286,+,noncode
HSALNG0072961,NONHSAG101514.1,,,,320,chr9,95130972,95161286,+,lncbook
HSALNG0072962,NONHSAG101513.1,,,,155,chr9,95135032,95141733,+,lncbook
HSALNG0072962,NONHSAG101513.1,,,,817,chr9,95105562,95141733,+,noncode
HSALNG0072963,NONHSAG101515.1,,,,126,chr9,95169743,95172080,+,lncbook;noncode
HSALNG0072964,,,,,382,chr9,95185177,95393999,+,lncbook
HSALNG0072965,NONHSAG052925.3,,,,382,chr9,95185277,95426881,-,noncode
HSALNG0072965,NONHSAG052925.3,,,,382,chr9,95185277,95427258,-,lncbook
HSALNG0072978,NONHSAG052929.2,,,,456,chr9,95463609,95470019,+,lncbook;noncode
HSALNG0072979,NONHSAG052931.2,,,,347,chr9,95480540,95506603,-,lncbook;noncode
HSALNG0072980,NONHSAG052933.2,,,,393,chr9,95485825,95516658,-,lncbook;noncode
HSALNG0072982,NONHSAG102979.2,,ENSG00000271155.1,,150,chr9,95506188,95507644,+,lncbook
HSALNG0072982;HSALNG0072983,NONHSAG102979.2,,ENSG00000271155.1;ENSG00000271659.1,,386,chr9,95506188,95569883,+,noncode
HSALNG0073199,NONHSAG053014.2,,ENSG00000267026.5,,247,chr9,98625596,98872415,-,noncode
HSALNG0073199,NONHSAG053014.2,,ENSG00000267026.5,,247,chr9,98625607,98877335,-,lncbook
HSALNG0073215,,,,,85,chr9,99103656,99105494,-,lncbook
HSALNG0073216,,,,,191,chr9,99119072,99132726,+,lncbook
HSALNG0073236,NONHSAG053028.3,STX17-AS1,ENSG00000237461.2,441461.0,1,chr9,99391111,99906614,-,lncbook
HSALNG0073249,NONHSAG053033.3,,,,1,chr9,99541159,99906614,-,noncode
HSALNG0073252,NONHSAG102178.1,,,,1,chr9,99863616,99866767,-,lncbook;noncode
HSALNG0073449,NONHSAG101564.2,,,,644,chr9,105318213,105644616,+,noncode
HSALNG0073449,NONHSAG101564.2,,,,644,chr9,105490637,105644616,+,lncbook
HSALNG0073451,NONHSAG053108.2,,ENSG00000228317.2,105376199.0,54,chr9,105553872,105575717,-,lncbook
HSALNG0073586,NONHSAG053162.2,,,,22,chr9,108868636,108878123,-,lncbook;noncode
HSALNG0073597,,,,,1,chr9,109137724,109141400,+,lncbook
HSALNG0073929,NONHSAG101636.1,DELEC1,ENSG00000173077.16,50514.0,1,chr9,114850968,115402644,+,lncbook
HSALNG0074026,NONHSAG114651.1,,ENSG00000284977.2,,5,chr9,117679044,117879988,+,lncbook
HSALNG0074029,NONHSAG114891.1,,,,1,chr9,117720779,117725223,-,lncbook;noncode
HSALNG0074541,NONHSAG053500.3,,ENSG00000225032.5,,3,chr9,127818119,127821431,+,lncbook
HSALNG0074541;HSALNG0074542,NONHSAG053500.3,,ENSG00000225032.5,,4,chr9,127815944,127822867,+,noncode
HSALNG0074544,,,,,1,chr9,127828642,127843356,+,lncbook
HSALNG0074545,,,,,1,chr9,127825373,127835179,+,lncbook
HSALNG0074631,NONHSAG101727.1,,,,17,chr9,128493827,128518878,+,lncbook;noncode
HSALNG0074634,NONHSAG053547.2,,ENSG00000228395.2,,53,chr9,128528328,128552481,-,lncbook
HSALNG0074634,NONHSAG053547.2,,ENSG00000228395.2,,53,chr9,128528540,128552410,-,noncode
HSALNG0074635,NONHSAG053546.2,,,,53,chr9,128528366,128553507,+,lncbook
HSALNG0074635,NONHSAG053546.2,,,,71,chr9,128523272,128553507,+,noncode
HSALNG0074879,NONHSAG114689.1,,,,1,chr9,131509458,131509736,+,lncbook;noncode
HSALNG0074880,NONHSAG053651.2,,ENSG00000230289.1,,276,chr9,131516558,131522230,-,lncbook;noncode
HSALNG0074955,NONHSAG101760.1,,,,603,chr9,132909837,132935004,+,lncbook;noncode
HSALNG0075017,,,,,2,chr9,133540314,133543885,-,lncbook
HSALNG0075097,NONHSAG101778.1,,,,10,chr9,134754117,134755329,+,lncbook;noncode
HSALNG0075102,NONHSAG053748.3,,,,115,chr9,134819044,134872636,-,lncbook;noncode
HSALNG0075262,,,,,301,chr9,136508881,136511330,-,lncbook
HSALNG0075265,NONHSAG053796.2,,ENSG00000227512.1,,37,chr9,136542364,136545027,+,lncbook
HSALNG0075830,,,,,1,chr10,4975524,5107516,-,lncbook
HSALNG0075836,NONHSAG005084.2,,ENSG00000224251.6,,1,chr10,4993333,4997381,+,noncode
HSALNG0075836,NONHSAG005084.2,,ENSG00000224251.6,,1,chr10,4995488,4997777,+,lncbook
HSALNG0076244,,,ENSG00000285520.1,,1,chr10,12845668,12965475,+,lncbook
HSALNG0076338,NONHSAG105781.1,,,,305,chr10,14905805,14913472,+,noncode
HSALNG0076338,NONHSAG105781.1,,,,305,chr10,14905805,14914031,+,lncbook
HSALNG0076339,NONHSAG060329.1,,,,22,chr10,14948596,14949171,+,lncbook;noncode
HSALNG0076494,NONHSAG005339.2,,ENSG00000240291.1,,437,chr10,18513115,18545651,-,noncode
HSALNG0076494,NONHSAG005339.2,,ENSG00000240291.1,,437,chr10,18513115,18545867,-,lncbook
HSALNG0076602,NONHSAG106016.1,,,,1,chr10,21726586,21753098,-,lncbook
HSALNG0077878,NONHSAG005866.2,,ENSG00000235939.1,,11,chr10,49418914,49472923,+,lncbook
HSALNG0077878,NONHSAG005866.2,,ENSG00000235939.1,,11,chr10,49419277,49472904,+,noncode
HSALNG0077886,NONHSAG105836.1,,,,1,chr10,49539225,49542032,+,lncbook;noncode
HSALNG0077984,NONHSAG005913.3,,,,4,chr10,50989880,50991805,-,lncbook
HSALNG0077984,NONHSAG005913.3,,,,4,chr10,50990969,50991721,-,noncode
HSALNG0077991,,,,,10,chr10,51467721,51470102,+,lncbook
HSALNG0077997,NONHSAG061278.1,,,,10,chr10,52120883,52140539,-,lncbook;noncode
HSALNG0077999,NONHSAG005920.3,PRKG1-AS1,ENSG00000236671.9,100506939.0,119,chr10,52193599,52425337,-,lncbook
HSALNG0077999,NONHSAG005920.3,PRKG1-AS1,ENSG00000236671.9,100506939.0,119,chr10,52194150,52425415,-,noncode
HSALNG0078001,NONHSAG060495.1,,,,20,chr10,52290255,52295118,+,lncbook;noncode
HSALNG0078452,NONHSAG006049.2,,ENSG00000273360.1,,32,chr10,66078953,66275772,+,lncbook
HSALNG0078452,NONHSAG006049.2,,ENSG00000273360.1,,32,chr10,66079243,66121045,+,noncode
HSALNG0078455,NONHSAG006050.2,,,,1,chr10,66894110,67012153,-,lncbook;noncode
HSALNG0078466,,,,,74,chr10,67482164,67555369,-,lncbook
HSALNG0078896,NONHSAG006238.2,,,,1,chr10,74096166,74102547,-,lncbook;noncode
HSALNG0079412,,,,,2,chr10,86716324,86716588,-,lncbook
HSALNG0079467,,,,,2,chr10,87514762,87553388,+,lncbook
HSALNG0079494,NONHSAG060664.1,,,,32,chr10,87863608,87863928,+,lncbook;noncode
HSALNG0079505,NONHSAG061431.1,,,,1,chr10,87938883,87948937,-,lncbook;noncode
HSALNG0079507,,,,,323,chr10,87950262,87958203,-,lncbook
HSALNG0079547,NONHSAG006474.2,ACTA2-AS1,ENSG00000180139.11,100132116.0,135,chr10,88932390,88940820,+,noncode
HSALNG0079547,NONHSAG006474.2,ACTA2-AS1,ENSG00000180139.11,100132116.0,138,chr10,88932390,88941228,+,lncbook
HSALNG0079566,NONHSAG060674.1,,ENSG00000232110.8,,448,chr10,89138371,89282640,+,noncode
HSALNG0079566,NONHSAG060674.1,,ENSG00000232110.8,,448,chr10,89138371,89292761,+,lncbook
HSALNG0080066,,,,,35,chr10,99706343,99711484,+,lncbook
HSALNG0080067,,,,,122,chr10,99706343,99767455,-,lncbook
HSALNG0080299,,,,,212,chr10,102504246,102512325,+,lncbook
HSALNG0080304,,,,,284,chr10,102594937,102600270,-,lncbook
HSALNG0080321,NONHSAG006763.2,,,,1,chr10,102817585,102835249,+,lncbook
HSALNG0080321,NONHSAG006763.2,,,,1,chr10,102830756,102834517,+,noncode
HSALNG0080404,,,,,1,chr10,104052834,104053818,+,lncbook
HSALNG0080405,NONHSAG105915.1,,,,23,chr10,104067532,104119255,+,lncbook
HSALNG0080608,,,,,2,chr10,110816648,110842581,-,lncbook
HSALNG0081057,NONHSAG060881.1,,,,1,chr10,119607489,119677815,+,lncbook;noncode
HSALNG0081063,NONHSAG062451.2,,,,1,chr10,119670328,119726582,-,lncbook;noncode
HSALNG0081110,NONHSAG061596.2,,,,1,chr10,120753517,120869430,-,lncbook
HSALNG0081110;HSALNG0081112,NONHSAG061596.2,,,,1,chr10,120753391,120869430,-,noncode
HSALNG0081151,,,,,21,chr10,121515227,121526218,-,lncbook
HSALNG0081218,,,,,1,chr10,122576435,122621380,-,lncbook
HSALNG0081219,,,,,1,chr10,122579611,122618666,-,lncbook
HSALNG0082009,NONHSAG063255.1,,,,1,chr11,650995,674556,-,lncbook;noncode
HSALNG0082196,,,,,1,chr11,2132631,2138694,+,lncbook
HSALNG0082235,NONHSAG007431.3,KCNQ1OT1,ENSG00000269821.1,10984.0,1079,chr11,2424025,2699998,-,lncbook
HSALNG0082235,NONHSAG007431.3,KCNQ1OT1,ENSG00000269821.1,10984.0,87,chr11,2606134,2699998,-,noncode
HSALNG0082241,NONHSAG007434.2,KCNQ1-AS1,ENSG00000229414.2,338653.0,181,chr11,2840020,2870428,-,lncbook
HSALNG0082241,NONHSAG007434.2,KCNQ1-AS1,ENSG00000229414.2,338653.0,181,chr11,2840135,2862191,-,noncode
HSALNG0083414,NONHSAG007961.2,,ENSG00000255525.1,,1,chr11,31305685,31322295,+,lncbook;noncode
HSALNG0083476,NONHSAG007984.3,WT1-AS,ENSG00000183242.11,51352.0,62,chr11,32434075,32458769,+,noncode
HSALNG0083476,NONHSAG007984.3,WT1-AS,ENSG00000183242.11,51352.0,62,chr11,32434075,32460175,+,lncbook
HSALNG0083672,,,,,458,chr11,36580446,36646424,-,lncbook
HSALNG0083866,NONHSAG062785.2,,,,1,chr11,44301081,44326693,+,lncbook
HSALNG0083866,NONHSAG062785.2,,,,1,chr11,44301379,44326524,+,noncode
HSALNG0084011,NONHSAG008220.3,LRP4-AS1,ENSG00000247675.7,100507401.0,1,chr11,46846309,46874799,+,lncbook
HSALNG0084011,NONHSAG008220.3,LRP4-AS1,ENSG00000247675.7,100507401.0,1,chr11,46846411,46874416,+,noncode
HSALNG0084049,NONHSAG063429.1,,,,2,chr11,47331412,47332244,-,lncbook;noncode
HSALNG0084071,,,,,8,chr11,47579029,47580954,+,lncbook
HSALNG0084522,NONHSAG106508.1,,,,4,chr11,61391996,61392540,-,lncbook;noncode
HSALNG0084524,,,,,8,chr11,61398537,61401122,-,lncbook
HSALNG0084555,NONHSAG063457.1,,,,1,chr11,61795361,61796740,-,lncbook;noncode
HSALNG0084928,NONHSAG008693.2,,,,1,chr11,65655708,65659743,-,lncbook;noncode
HSALNG0085210,NONHSAG106547.1,,,,3,chr11,68033111,68036346,-,lncbook;noncode
HSALNG0085517,,,,,1,chr11,72005495,72007916,-,lncbook
HSALNG0085520,NONHSAG008966.3,,,,1,chr11,72014291,72038409,+,noncode
HSALNG0085692,NONHSAG009059.2,,ENSG00000254631.5,,63,chr11,74274554,74485742,+,lncbook
HSALNG0085692,NONHSAG009059.2,,ENSG00000254631.5,,63,chr11,74397549,74485743,+,noncode
HSALNG0085697,,,,,63,chr11,74444220,74467729,-,lncbook
HSALNG0085699,NONHSAG009062.2,,ENSG00000254928.1,,9,chr11,74455248,74456932,+,lncbook
HSALNG0085699,NONHSAG009062.2,,ENSG00000254928.1,,9,chr11,74455348,74456826,+,noncode
HSALNG0085700,,,,,2,chr11,74462270,74467492,+,lncbook
HSALNG0086490,NONHSAG106369.1,,,,9,chr11,93794250,93796479,+,lncbook;noncode
HSALNG0086524,,,,,358,chr11,94479695,94512374,-,lncbook
HSALNG0086991,NONHSAG009544.2,,,,3499,chr11,108227610,108253996,+,noncode
HSALNG0086991,NONHSAG009544.2,,,,416,chr11,108252822,108253996,+,lncbook
HSALNG0086995,,,,,769,chr11,108285100,108291122,+,lncbook
HSALNG0087148,NONHSAG063081.1,,,,23,chr11,111872608,111912109,+,lncbook;noncode
HSALNG0087168,NONHSAG063082.1,,,,216,chr11,112093937,112095770,+,lncbook
HSALNG0087168,NONHSAG063082.1,,,,573,chr11,112087869,112095770,+,noncode
HSALNG0087228,NONHSAG009636.2,,ENSG00000247416.4,,1,chr11,112959209,112963470,-,lncbook
HSALNG0087228,NONHSAG009636.2,,ENSG00000247416.4,,1,chr11,112959279,112963460,-,noncode
HSALNG0087503,,,,,1,chr11,118130467,118133407,+,lncbook
HSALNG0087505,,,,,14,chr11,118144095,118145131,+,lncbook
HSALNG0087519,NONHSAG063134.1,,,,4,chr11,118313829,118316171,+,lncbook;noncode
HSALNG0087523,,,,,1,chr11,118334616,118339716,+,lncbook
HSALNG0087524,NONHSAG009755.2,,,,3,chr11,118339074,118342744,-,lncbook;noncode
HSALNG0087842,NONHSAG009913.2,,ENSG00000254467.2,,2,chr11,123653974,123675569,+,lncbook
HSALNG0087921,NONHSAG009945.2,,ENSG00000254568.1,,6,chr11,124883691,124887790,+,lncbook;noncode
HSALNG0087922,NONHSAG063714.1,,,,1,chr11,124884221,124885225,-,lncbook;noncode
HSALNG0087923,NONHSAG063173.1,,ENSG00000254943.1,,27,chr11,124891304,124945321,+,lncbook
HSALNG0087923,NONHSAG063173.1,,ENSG00000254943.1,,9,chr11,124891304,124892126,+,noncode
HSALNG0087966,NONHSAG009968.2,,ENSG00000260209.1,,1,chr11,125683289,125887572,-,lncbook
HSALNG0087966,NONHSAG009968.2,,ENSG00000260209.1,,1,chr11,125824517,125887572,-,noncode
HSALNG0088021,NONHSAG009989.2,,ENSG00000254905.1,105369557.0,10,chr11,126239630,126304318,-,lncbook
HSALNG0088584,NONHSAG065243.1,CACNA1C-AS4,ENSG00000278255.1,100874234.0,4,chr12,2211968,2239910,-,lncbook
HSALNG0088587,NONHSAG010186.2,CACNA1C-IT3,ENSG00000256721.1,100874370.0,1,chr12,2269173,2290104,+,lncbook
HSALNG0088587,NONHSAG010186.2,CACNA1C-IT3,ENSG00000256721.1,100874370.0,1,chr12,2269776,2317866,+,noncode
HSALNG0088592,,,ENSG00000285734.1,,53,chr12,2436763,2457392,-,lncbook
HSALNG0088594,NONHSAG010190.2,CACNA1C-AS3,ENSG00000256769.1,106478964.0,144,chr12,2603350,2607440,-,lncbook;noncode
HSALNG0088595,NONHSAG065246.1,,,,32,chr12,2631461,2641930,-,lncbook;noncode
HSALNG0088597,NONHSAG010193.2,"CACNA1C-AS2,CACNA1C-AS1",ENSG00000256271.1,100652846.0,41,chr12,2668500,2672221,-,noncode
HSALNG0088597,NONHSAG010193.2,"CACNA1C-AS2,CACNA1C-AS1",ENSG00000256271.1,100652846.0,985,chr12,2643636,2691834,-,lncbook
HSALNG0088600,NONHSAG010200.3,ITFG2-AS1,ENSG00000256150.2,283440.0,1,chr12,2695765,2812913,-,lncbook;noncode
HSALNG0088846,,,,,1,chr12,6347808,6355770,+,lncbook
HSALNG0089084,NONHSAG010416.2,,ENSG00000255829.1,,1,chr12,8654425,8669012,+,noncode
HSALNG0089777,NONHSAG010657.2,,ENSG00000256615.1,,125,chr12,21662313,21887958,+,lncbook
HSALNG0089777,NONHSAG010657.2,,ENSG00000256615.1,,86,chr12,21662313,21766706,+,noncode
HSALNG0089902,NONHSAG065354.1,,,,15,chr12,25209192,25227262,-,lncbook;noncode
HSALNG0089904,NONHSAG064623.1,,ENSG00000275197.1,,1,chr12,25225103,25225665,+,lncbook;noncode
HSALNG0090281,,,,,6,chr12,32699687,32704298,+,lncbook
HSALNG0090287,,,,,53,chr12,32714457,32778326,-,lncbook
HSALNG0090288,NONHSAG065388.1,,ENSG00000275854.1,,2,chr12,32736930,32737660,-,lncbook;noncode
HSALNG0090289,,,,,14,chr12,32737662,32743583,+,lncbook
HSALNG0090876,,,,,1,chr12,48778352,48782904,+,lncbook
HSALNG0091121,,,,,2,chr12,51909023,51914435,-,lncbook
HSALNG0091648,NONHSAG011446.2,,ENSG00000257342.1,,1,chr12,57694132,57721510,-,lncbook;noncode
HSALNG0091654,,,,,15,chr12,57739736,57748218,+,lncbook
HSALNG0091655,,,,,652,chr12,57750679,57752319,-,lncbook
HSALNG0091663,,,,,4,chr12,57797376,57801969,-,lncbook
HSALNG0091909,NONHSAG011518.2,RXYLT1-AS1,ENSG00000255850.2,104169670.0,2,chr12,63804739,63822225,-,lncbook
HSALNG0091909,NONHSAG011518.2,RXYLT1-AS1,ENSG00000255850.2,104169670.0,2,chr12,63808582,63822156,-,noncode
HSALNG0091916,NONHSAG065517.1,,,,1,chr12,63994882,64020617,-,lncbook
HSALNG0091918,NONHSAG011524.2,,ENSG00000255886.1,,2,chr12,64038562,64097619,-,noncode
HSALNG0091918,NONHSAG011524.2,,ENSG00000255886.1,,2,chr12,64038562,64098297,-,lncbook
HSALNG0092885,NONHSAG064909.1,,,,471,chr12,88050248,88064271,+,lncbook;noncode
HSALNG0092886,NONHSAG011854.2,,,,119,chr12,88055198,88059058,+,noncode
HSALNG0092886,NONHSAG011854.2,,,,839,chr12,88054420,88082376,+,lncbook
HSALNG0093137,NONHSAG011935.2,,,,1,chr12,93773436,93850730,+,lncbook;noncode
HSALNG0093138,NONHSAG065622.1,,,,1,chr12,93785400,93976272,-,lncbook;noncode
HSALNG0093211,,,,,3,chr12,94971333,95003213,-,lncbook
HSALNG0093383,NONHSAG012025.3,TMPO-AS1,ENSG00000257167.2,100128191.0,73,chr12,98510418,98516454,-,lncbook;noncode
HSALNG0093515,NONHSAG012076.2,,,,18,chr12,101594971,101685880,+,lncbook
HSALNG0093515,NONHSAG012076.2,,,,18,chr12,101594971,101692681,+,noncode
HSALNG0093518,NONHSAG012077.2,,ENSG00000257514.5,,6,chr12,101646720,101664492,-,noncode
HSALNG0093518,NONHSAG012077.2,,ENSG00000257514.5,,6,chr12,101646720,101665062,-,lncbook
HSALNG0093557,NONHSAG012099.2,"LINC02456,HELLPAR",ENSG00000283052.1,101101692.0,2,chr12,102197585,102925801,+,lncbook
HSALNG0093632,NONHSAG064991.1,,,,1,chr12,103978236,103986016,+,lncbook;noncode
HSALNG0093895,,,,,10,chr12,109553464,109555547,+,lncbook
HSALNG0093898,,,,,2,chr12,109561516,109562209,+,lncbook
HSALNG0093913,,,,,3,chr12,109784072,109789189,+,lncbook
HSALNG0093914,,,,,4,chr12,109791770,109797308,+,lncbook
HSALNG0094001,,,,,1,chr12,110641324,110641534,+,lncbook
HSALNG0094037,,,,,2,chr12,111432271,111451621,+,lncbook
HSALNG0094116,NONHSAG065033.1,,,,9,chr12,112456028,112475342,+,lncbook;noncode
HSALNG0094549,NONHSAG012534.3,HNF1A-AS1,ENSG00000241388.5,283460.0,31,chr12,120888869,120980931,-,noncode
HSALNG0094549,NONHSAG012534.3,HNF1A-AS1,ENSG00000241388.5,283460.0,31,chr12,120888869,120980968,-,lncbook
HSALNG0094572,NONHSAG012540.2,,,,1,chr12,121195248,121788902,-,lncbook;noncode
HSALNG0094749,NONHSAG012614.3,TMED2-DT,ENSG00000247373.3,101927415.0,134,chr12,123542849,123678335,-,lncbook
HSALNG0094766,NONHSAG012617.2,,ENSG00000255839.1,,36,chr12,123707143,123712218,-,lncbook;noncode
HSALNG0095325,,,,,1,chr12,132658915,132659238,-,lncbook
HSALNG0095750,NONHSAG066864.2,,,,2,chr13,23715143,23738210,+,lncbook
HSALNG0095750,NONHSAG066864.2,,,,2,chr13,23715168,23735603,+,noncode
HSALNG0095751,,,,,6,chr13,23786807,23824435,+,lncbook
HSALNG0095752,,,,,2,chr13,23853234,23859094,+,lncbook
HSALNG0095990,,,,,1,chr13,28022589,28051584,+,lncbook
HSALNG0096006,NONHSAG013102.2,,,,5,chr13,28308580,28358066,+,lncbook
HSALNG0096218,,,,,527,chr13,32379581,32380888,-,lncbook
HSALNG0096576,,,,,1,chr13,40766520,40810760,-,lncbook
HSALNG0096857,NONHSAG013431.3,CPB2-AS1,ENSG00000235903.9,100509894.0,1,chr13,46052493,46177093,+,lncbook
HSALNG0096978,NONHSAG013475.3,RB1-DT,ENSG00000231473.3,100862704.0,23,chr13,48286978,48303701,-,noncode
HSALNG0096978,NONHSAG013475.3,RB1-DT,ENSG00000231473.3,100862704.0,56,chr13,48286978,48303734,-,lncbook
HSALNG0096982,,,,,368,chr13,48357889,48364960,-,lncbook
HSALNG0096983,,,,,12,chr13,48389586,48415810,-,lncbook
HSALNG0098442,NONHSAG068340.1,LINC00373,ENSG00000231019.1,105370306.0,1,chr13,88142867,88263503,+,lncbook
HSALNG0098976,NONHSAG067719.1,,ENSG00000287330.1,,108,chr13,100313328,100364959,-,lncbook
HSALNG0098976,NONHSAG067719.1,,ENSG00000287330.1,,61,chr13,100315968,100339589,-,noncode
HSALNG0098982,,,,,86,chr13,100510082,100519924,-,lncbook
HSALNG0099230,NONHSAG067755.1,,ENSG00000276740.1,,3,chr13,107465642,107527326,-,lncbook
HSALNG0099359,NONHSAG067779.1,,,,1,chr13,110174710,110307109,-,noncode
HSALNG0100037,NONHSAG068639.2,MHRT,ENSG00000258444.1,104564225.0,7,chr14,23386030,23418763,+,noncode
HSALNG0100037,NONHSAG068639.2,MHRT,ENSG00000258444.1,104564225.0,8,chr14,23383229,23418482,+,lncbook
HSALNG0100039,,,,,1,chr14,23402513,23405212,+,lncbook
HSALNG0100042,NONHSAG107455.1,,,,2,chr14,23419033,23421482,+,lncbook;noncode
HSALNG0100043,,,,,3,chr14,23423769,23427748,+,lncbook
HSALNG0100117,NONHSAG014546.2,,,,201,chr14,24241034,24242427,+,lncbook;noncode
HSALNG0100651,NONHSAG068708.2,,ENSG00000283098.2,,4,chr14,36320662,36657181,+,lncbook
HSALNG0100999,NONHSAG069178.1,,,,1,chr14,46595624,46820542,-,lncbook
HSALNG0101086,NONHSAG014890.2,,,,1,chr14,49545349,49862853,+,lncbook
HSALNG0101883,NONHSAG015215.2,,ENSG00000258824.2,,2,chr14,64422935,64448557,-,lncbook;noncode
HSALNG0101939,NONHSAG015234.2,,ENSG00000259118.5,,103,chr14,65082034,65101560,+,noncode
HSALNG0101939,NONHSAG015234.2,,ENSG00000259118.5,,179,chr14,65077950,65101560,+,lncbook
HSALNG0102015,NONHSAG069271.1,,,,1,chr14,67072420,67189354,-,lncbook
HSALNG0102089,NONHSAG069276.2,,,,14,chr14,68388337,68600227,-,lncbook
HSALNG0102091,,,,,3,chr14,68475798,68503913,-,lncbook
HSALNG0102098,NONHSAG069277.2,,ENSG00000258623.1,,2,chr14,68605396,68687397,-,lncbook
HSALNG0102422,NONHSAG015454.2,,ENSG00000258559.2,,123,chr14,74289127,74294425,-,lncbook;noncode
HSALNG0102423,,,,,82,chr14,74289880,74292590,+,lncbook
HSALNG0102441,NONHSAG015461.2,,,,1,chr14,74494046,74495428,+,lncbook;noncode
HSALNG0102496,,,,,4,chr14,75091702,75108992,+,lncbook
HSALNG0102497,,,,,2,chr14,75118869,75126953,-,lncbook
HSALNG0102526,NONHSAG069876.2,,,,7,chr14,75569138,75579589,-,noncode
HSALNG0102528,,,,,1,chr14,75571750,75578649,-,lncbook
HSALNG0102530,,,,,2,chr14,75627883,75640793,-,lncbook
HSALNG0102544,NONHSAG015506.2,,,,5,chr14,75981424,75982226,-,lncbook;noncode
HSALNG0102769,NONHSAG069347.1,,ENSG00000284959.2,,4,chr14,81087478,81093735,-,noncode
HSALNG0102769,NONHSAG069347.1,,ENSG00000284959.2,,9,chr14,81049426,81172672,-,lncbook
HSALNG0103129,,,,,4,chr14,90397234,90398002,-,lncbook
HSALNG0103229,NONHSAG107554.1,,,,23,chr14,92039542,92063319,+,lncbook
HSALNG0103229,NONHSAG107554.1,,,,23,chr14,92039542,92065643,+,noncode
HSALNG0103271,,,,,1,chr14,92555840,92586580,+,lncbook
HSALNG0103361,,,,,2,chr14,94327482,94384812,+,lncbook
HSALNG0103421,NONHSAG015787.2,,,,35,chr14,95133421,95158010,-,lncbook;noncode
HSALNG0104026,,,,,4,chr14,103697180,103699817,-,lncbook
HSALNG0104139,NONHSAG016068.2,,,,4,chr14,104775010,104775647,-,lncbook;noncode
HSALNG0104877,NONHSAG107986.1,,,,69,chr15,32722462,32730832,-,lncbook;noncode
HSALNG0104949,NONHSAG016487.2,,,,1,chr15,34336408,34340368,+,lncbook;noncode
HSALNG0105203,NONHSAG070692.1,,,,16,chr15,40142869,40180195,-,noncode
HSALNG0105203,NONHSAG070692.1,,,,61,chr15,40142869,40239701,-,lncbook
HSALNG0105278,NONHSAG016611.2,,,,5,chr15,40729506,40731359,+,lncbook;noncode
HSALNG0105316,,,,,22,chr15,40930822,40938084,-,lncbook
HSALNG0105588,NONHSAG016749.2,,,,1,chr15,44711487,44718158,+,lncbook;noncode
HSALNG0105746,NONHSAG016822.3,,ENSG00000259488.2,107984757.0,1,chr15,48254780,48331856,-,lncbook
HSALNG0105746,NONHSAG016822.3,,ENSG00000259488.2,107984757.0,1,chr15,48289906,48331856,-,noncode
HSALNG0105756,,,,,61,chr15,48415681,48418669,+,lncbook
HSALNG0105757,,,,,775,chr15,48423460,48435343,+,lncbook
HSALNG0105759,,,ENSG00000286947.1,,3,chr15,48523754,48526111,+,lncbook
HSALNG0107010,NONHSAG070845.1,,,,1,chr15,71657845,71660576,-,lncbook;noncode
HSALNG0107013,,,,,3,chr15,71764060,71779396,-,lncbook
HSALNG0107052,NONHSAG017344.2,,ENSG00000261460.1,,622,chr15,72274680,72351794,+,lncbook
HSALNG0107052,NONHSAG017344.2,,ENSG00000261460.1,,622,chr15,72278867,72351794,+,noncode
HSALNG0107053,NONHSAG070850.1,,,,1016,chr15,72291568,72483827,-,lncbook;noncode
HSALNG0107054,NONHSAG070439.1,HEXA-AS1,ENSG00000260339.1,80072.0,1014,chr15,72308252,72378788,+,lncbook
HSALNG0107058,NONHSAG017349.3,TMEM202-AS1,ENSG00000261187.1,105370888.0,2,chr15,72407765,72476158,-,lncbook
HSALNG0107058,NONHSAG017349.3,TMEM202-AS1,ENSG00000261187.1,105370888.0,2,chr15,72407778,72475168,-,noncode
HSALNG0107109,NONHSAG017376.2,,ENSG00000259650.1,,5,chr15,73335140,73343378,+,lncbook
HSALNG0107484,NONHSAG017567.2,,ENSG00000261762.1,,1,chr15,78589123,78591276,-,lncbook;noncode
HSALNG0107704,NONHSAG017666.2,CPEB1-AS1,ENSG00000259462.3,283692.0,1,chr15,82647706,82692820,+,lncbook
HSALNG0107704,NONHSAG017666.2,CPEB1-AS1,ENSG00000259462.3,283692.0,1,chr15,82647767,82692820,+,noncode
HSALNG0107761,,,,,1,chr15,83899666,83931325,+,lncbook
HSALNG0108024,NONHSAG070525.1,,,,924,chr15,89264342,89295851,+,lncbook;noncode
HSALNG0108058,,,,,90,chr15,89648079,89657225,+,lncbook
HSALNG0108154,,,,,23,chr15,90754896,90758292,-,lncbook
HSALNG0108155,NONHSAG017890.2,,,,7,chr15,90790038,90790661,-,lncbook;noncode
HSALNG0109175,NONHSAG018415.2,,ENSG00000261938.1,,234,chr16,3551781,3583266,+,noncode
HSALNG0109175,NONHSAG018415.2,,ENSG00000261938.1,,394,chr16,3551781,3589021,+,lncbook
HSALNG0109179,NONHSAG018416.2,,,,367,chr16,3601121,3609554,+,lncbook;noncode
HSALNG0109562,NONHSAG018586.2,,ENSG00000262151.1,,1,chr16,10842199,10918852,-,lncbook
HSALNG0109696,NONHSAG018656.2,,,,145,chr16,13791733,13926703,-,lncbook
HSALNG0109706,NONHSAG072022.1,,,,68,chr16,13916933,13920905,-,lncbook;noncode
HSALNG0109708,NONHSAG018659.2,,ENSG00000262732.1,,184,chr16,13928904,13935635,-,lncbook;noncode
HSALNG0109709,,,,,47,chr16,13935664,13942685,-,lncbook
HSALNG0109710,NONHSAG072024.1,,,,92,chr16,13947918,13949407,-,lncbook;noncode
HSALNG0109824,,,,,4,chr16,15703481,15703879,+,lncbook
HSALNG0109827,,,,,207,chr16,15720893,15724291,+,lncbook
HSALNG0109828,NONHSAG018709.3,,ENSG00000263335.1,,202,chr16,15724905,15732993,+,lncbook
HSALNG0109828,NONHSAG018709.3,,ENSG00000263335.1,,391,chr16,15721637,15734499,+,noncode
HSALNG0109831,,,,,124,chr16,15758193,15764785,+,lncbook
HSALNG0110258,,,,,48,chr16,23522017,23528187,-,lncbook
HSALNG0110266,NONHSAG018903.2,,ENSG00000261723.1,,1066,chr16,23605841,23624107,+,lncbook;noncode
HSALNG0110697,NONHSAG071596.1,,,,292,chr16,30152738,30252060,+,lncbook;noncode
HSALNG0110699,NONHSAG019079.3,,ENSG00000261416.1,107984834.0,31,chr16,30183393,30186583,-,lncbook
HSALNG0111363,NONHSAG071676.1,,,,1,chr16,50782335,50791607,+,lncbook;noncode
HSALNG0112225,,,,,287,chr16,67658696,67660264,-,lncbook
HSALNG0112314,NONHSAG019813.3,,ENSG00000260798.1,,1354,chr16,68812586,68823526,-,noncode
HSALNG0112314,NONHSAG019813.3,,ENSG00000260798.1,,2515,chr16,68807879,68823526,-,lncbook
HSALNG0112315,,,,,7,chr16,68833971,68834207,-,lncbook
HSALNG0112316,,,,,3,chr16,68835469,68837099,-,lncbook
HSALNG0112864,,,ENSG00000287106.1,,2,chr16,78270514,78311037,-,lncbook
HSALNG0112865,,,,,11,chr16,78418620,78437737,-,lncbook
HSALNG0112968,NONHSAG020091.2,,,,23,chr16,81046150,81087625,-,lncbook
HSALNG0112968,NONHSAG020091.2,,,,28,chr16,81053498,81087651,-,noncode
HSALNG0113304,NONHSAG020218.3,FENDRR,ENSG00000268388.6,400550.0,2,chr16,86473638,86510614,-,lncbook
HSALNG0113319,NONHSAG020223.3,FOXC2-AS1,ENSG00000260944.1,103752587.0,2,chr16,86564915,86569728,-,lncbook
HSALNG0113533,NONHSAG020298.2,,ENSG00000278341.1,,2,chr16,88708956,88710437,-,lncbook;noncode
HSALNG0113550,NONHSAG020312.2,,,,8,chr16,88856220,88861111,+,lncbook;noncode
HSALNG0113579,,,,,39,chr16,89145972,89147298,-,lncbook
HSALNG0113658,NONHSAG108548.1,,,,1,chr16,89839202,89841071,-,lncbook;noncode
HSALNG0113669,NONHSAG020372.3,,ENSG00000267048.1,,20,chr16,89906157,89918233,+,lncbook;noncode
HSALNG0113670,,,,,16,chr16,89916822,89918133,-,lncbook
HSALNG0113847,,,,,2,chr17,1772874,1779144,-,lncbook
HSALNG0113961,NONHSAG072893.1,,,,16,chr17,3483678,3544589,+,lncbook;noncode
HSALNG0114069,NONHSAG020600.3,,,,1,chr17,4904212,4934693,-,lncbook;noncode
HSALNG0114140,NONHSAG072906.1,,,,1,chr17,5515026,5554789,+,lncbook
HSALNG0114334,,,,,16,chr17,7665499,7668004,+,lncbook
HSALNG0114335,NONHSAG020729.2,,,,189,chr17,7676253,7687482,-,lncbook
HSALNG0114335,NONHSAG020729.2,,,,804,chr17,7674930,7687482,-,noncode
HSALNG0114404,NONHSAG020759.3,LINC00324,ENSG00000178977.3,284029.0,7,chr17,8172794,8224043,-,lncbook;noncode
HSALNG0114405,NONHSAG020755.2,,ENSG00000266824.1,,4,chr17,8174623,8186980,+,lncbook
HSALNG0114409,,,,,89,chr17,8221028,8226972,+,lncbook
HSALNG0114427,,,ENSG00000226871.1,,1,chr17,8314053,8328268,-,lncbook
HSALNG0114524,NONHSAG072945.2,MYHAS,ENSG00000264067.1,100128560.0,1,chr17,10278433,10658387,+,lncbook
HSALNG0114686,NONHSAG020869.3,COX10-AS1,ENSG00000236088.10,100874058.0,2,chr17,13755574,14069495,-,lncbook
HSALNG0114686,NONHSAG020869.3,COX10-AS1,ENSG00000236088.10,100874058.0,2,chr17,13756077,14069495,-,noncode
HSALNG0114925,NONHSAG072999.1,,,,509,chr17,17207099,17217639,+,lncbook;noncode
HSALNG0114927,NONHSAG073000.1,,,,114,chr17,17213675,17213877,+,lncbook;noncode
HSALNG0115117,NONHSAG073013.1,,,,48,chr17,19359627,19364949,+,lncbook;noncode
HSALNG0115678,NONHSAG021431.3,,ENSG00000264107.1,119139899.0,70,chr17,31089893,31103104,-,lncbook
HSALNG0115678,NONHSAG021431.3,,ENSG00000264107.1,119139899.0,70,chr17,31090624,31095490,-,noncode
HSALNG0115680,NONHSAG073596.1,,,,530,chr17,31193173,31220318,-,lncbook;noncode
HSALNG0115681,NONHSAG073066.1,,,,68,chr17,31214690,31220318,+,lncbook;noncode
HSALNG0115682,,,,,497,chr17,31254794,31269240,-,lncbook
HSALNG0115692,,,,,757,chr17,31349328,31391523,-,lncbook
HSALNG0115880,NONHSAG073617.1,,,,1,chr17,34549153,34571793,-,lncbook
HSALNG0115887,,,,,1,chr17,34641096,34651051,+,lncbook
HSALNG0115978,NONHSAG021566.2,,ENSG00000270871.1,,1,chr17,35816717,35830293,-,lncbook
HSALNG0115978;HSALNG0115980,NONHSAG021566.2,,ENSG00000270871.1,,1,chr17,35816717,35830293,-,noncode
HSALNG0116119,NONHSAG021638.3,,ENSG00000277688.1,,2,chr17,37609549,37689790,+,lncbook
HSALNG0116119,NONHSAG021638.3,,ENSG00000277688.1,,2,chr17,37609580,37689790,+,noncode
HSALNG0116123,,,,,14,chr17,37704740,37724862,+,lncbook
HSALNG0116126,,,,,19,chr17,37736785,37742758,+,lncbook
HSALNG0116127,NONHSAG021641.2,,,,15,chr17,37741401,37748677,+,noncode
HSALNG0116242,NONHSAG108886.1,,,,3,chr17,39461466,39462630,-,lncbook;noncode
HSALNG0116245,NONHSAG073652.1,,,,1,chr17,39524672,39524993,-,lncbook;noncode
HSALNG0116265,,,,,1,chr17,39665789,39666047,-,lncbook
HSALNG0116382,NONHSAG073660.1,,,,410,chr17,40603858,40638427,-,lncbook;noncode
HSALNG0116387,,,,,17,chr17,40643574,40647813,-,lncbook
HSALNG0116459,,,,,7,chr17,41754927,41755163,+,lncbook
HSALNG0116460,NONHSAG073136.1,,,,3,chr17,41786201,41788839,+,lncbook
HSALNG0116462,NONHSAG073138.1,,,,4,chr17,41801964,41868434,+,lncbook;noncode
HSALNG0116559,NONHSAG021846.2,,ENSG00000267765.1,,16,chr17,42683187,42699466,-,lncbook;noncode
HSALNG0116560,NONHSAG073680.1,,,,5,chr17,42688664,42691516,-,lncbook;noncode
HSALNG0116611,,,,,11,chr17,43037427,43043561,+,lncbook
HSALNG0116612,,,,,3,chr17,43038844,43040098,+,lncbook
HSALNG0116614,,,,,1144,chr17,43071133,43086285,+,lncbook
HSALNG0116615,NONHSAG073685.1,,,,62,chr17,43124487,43176658,-,lncbook;noncode
HSALNG0116616,NONHSAG021874.3,NBR2,ENSG00000198496.12,10230.0,16,chr17,43125551,43153671,+,lncbook
HSALNG0116616,NONHSAG021874.3,NBR2,ENSG00000198496.12,10230.0,16,chr17,43125583,43153670,+,noncode
HSALNG0117101,NONHSAG022078.2,"HOXB-AS1,HOXB-AS3",ENSG00000230148.8,100874362.0,1,chr17,48526982,48606873,+,lncbook
HSALNG0117101,NONHSAG022078.2,"HOXB-AS1,HOXB-AS3",ENSG00000230148.8,100874362.0,1,chr17,48543551,48606415,+,noncode
HSALNG0117177,NONHSAG022125.3,,ENSG00000248714.7,102724596.0,1,chr17,49361150,49476988,+,lncbook
HSALNG0117177,NONHSAG022125.3,,ENSG00000248714.7,102724596.0,1,chr17,49361161,49476988,+,noncode
HSALNG0117179,NONHSAG022127.2,,ENSG00000250186.3,,1,chr17,49403880,49413272,+,lncbook
HSALNG0117179,NONHSAG022127.2,,ENSG00000250186.3,,1,chr17,49404053,49413272,+,noncode
HSALNG0117264,,,,,1,chr17,50185337,50185584,+,lncbook
HSALNG0117265,,,,,9,chr17,50186373,50187449,+,lncbook
HSALNG0117266,NONHSAG108677.1,,,,5,chr17,50191849,50192534,+,lncbook;noncode
HSALNG0117269,,,,,53,chr17,50192993,50199087,+,lncbook
HSALNG0117270,NONHSAG108679.1,,ENSG00000249406.3,,2,chr17,50199811,50201647,+,noncode
HSALNG0117270,NONHSAG108679.1,,ENSG00000249406.3,,2,chr17,50199811,50216756,+,lncbook
HSALNG0117695,NONHSAG073270.1,,ENSG00000287337.1,,102,chr17,58218594,58232831,+,noncode
HSALNG0117695,NONHSAG073270.1,,ENSG00000287337.1,,102,chr17,58218594,58233584,+,lncbook
HSALNG0117711,NONHSAG022327.3,TSPOAP1-AS1,ENSG00000265148.6,100506779.0,178,chr17,58324304,58418042,+,lncbook
HSALNG0117711,NONHSAG022327.3,TSPOAP1-AS1,ENSG00000265148.6,100506779.0,178,chr17,58324561,58415766,+,noncode
HSALNG0117731,,,,,246,chr17,58730179,58734331,+,lncbook
HSALNG0117887,,,ENSG00000267137.1,,1,chr17,61458088,61467170,-,lncbook
HSALNG0117888,NONHSAG073787.1,,,,3,chr17,61482565,61483038,-,lncbook;noncode
HSALNG0117903,,,,,212,chr17,61730922,61744418,+,lncbook
HSALNG0118215,NONHSAG073313.1,,,,308,chr17,65538238,65541560,+,lncbook;noncode
HSALNG0118368,NONHSAG022595.2,,ENSG00000267009.6,,278,chr17,68413623,68524949,+,lncbook
HSALNG0118453,NONHSAG073829.1,,,,1,chr17,70109634,70152065,-,lncbook;noncode
HSALNG0118454,NONHSAG022637.2,,,,29,chr17,70136007,70249630,-,lncbook
HSALNG0118778,,,,,2,chr17,75724704,75725047,+,lncbook
HSALNG0118779,NONHSAG073857.1,,,,115,chr17,75725836,75736297,-,lncbook
HSALNG0118779,NONHSAG073857.1,,,,155,chr17,75725836,75737638,-,noncode
HSALNG0118788,NONHSAG073858.1,,,,1478,chr17,75796209,76073414,-,lncbook;noncode
HSALNG0118792,NONHSAG073859.1,,,,147,chr17,75827264,75828972,-,lncbook;noncode
HSALNG0118793,NONHSAG073374.2,,,,1475,chr17,75827324,75860338,+,lncbook;noncode
HSALNG0118851,NONHSAG073380.2,SNHG16,ENSG00000267543.1,100507246.0,1,chr17,76537335,76792366,+,noncode
HSALNG0118851,NONHSAG073380.2,SNHG16,ENSG00000267543.1,100507246.0,1,chr17,76538064,76792366,+,lncbook
HSALNG0119683,,,,,1,chr18,3117956,3140822,+,lncbook
HSALNG0120305,NONHSAG023494.2,,ENSG00000265751.1,,1,chr18,21360750,21451060,-,lncbook
HSALNG0120305,NONHSAG023494.2,,ENSG00000265751.1,,1,chr18,21380286,21451017,-,noncode
HSALNG0120308,,,,,1,chr18,21514734,21528320,-,lncbook
HSALNG0120344,NONHSAG023512.3,GATA6-AS1,ENSG00000266010.2,100128893.0,1,chr18,22103840,22172110,-,lncbook
HSALNG0120452,,,,,4,chr18,23529966,23531778,+,lncbook
HSALNG0120456,NONHSAG074641.1,,,,66,chr18,23539241,23539565,+,lncbook;noncode
HSALNG0120474,,,,,5,chr18,23859634,23872918,-,lncbook
HSALNG0120479,NONHSAG023553.3,,ENSG00000265752.3,105372023.0,3,chr18,23954993,23982614,-,lncbook
HSALNG0120611,NONHSAG023614.3,,ENSG00000227279.1,,1,chr18,27921592,27966691,+,lncbook
HSALNG0120611,NONHSAG023614.3,,ENSG00000227279.1,,1,chr18,27921604,27966691,+,noncode
HSALNG0120714,,,,,1,chr18,31059349,31066042,+,lncbook
HSALNG0120716,NONHSAG075080.1,,,,111,chr18,31088399,31091135,-,lncbook;noncode
HSALNG0120717,NONHSAG075081.1,,,,169,chr18,31092142,31102286,-,lncbook;noncode
HSALNG0120718,NONHSAG023630.3,DSCAS,ENSG00000265888.2,101927698.0,67,chr18,31101355,31175412,+,noncode
HSALNG0120718,NONHSAG023630.3,DSCAS,ENSG00000265888.2,101927698.0,67,chr18,31101355,31178693,+,lncbook
HSALNG0120728,NONHSAG023633.3,DSG1-AS1,ENSG00000266729.5,101927718.0,1,chr18,31327079,31427423,-,lncbook
HSALNG0120728,NONHSAG023633.3,DSG1-AS1,ENSG00000266729.5,101927718.0,1,chr18,31327575,31426988,-,noncode
HSALNG0120735,NONHSAG023635.2,DSG2-AS1,ENSG00000264859.6,100652770.0,528,chr18,31542146,31556911,-,noncode
HSALNG0120735,NONHSAG023635.2,DSG2-AS1,ENSG00000264859.6,100652770.0,576,chr18,31540305,31556948,-,lncbook
HSALNG0121560,NONHSAG023864.2,,,,78,chr18,51030248,51047187,+,lncbook;noncode
HSALNG0121608,,,,,2,chr18,53299824,53326184,-,lncbook
HSALNG0121611,NONHSAG023885.2,LINC01917,ENSG00000260433.3,101928167.0,1,chr18,53480646,53899266,-,lncbook
HSALNG0121611,NONHSAG023885.2,LINC01917,ENSG00000260433.3,101928167.0,1,chr18,53480835,53568283,-,noncode
HSALNG0121826,NONHSAG023964.2,,ENSG00000267476.1,,1,chr18,58671923,58780619,-,lncbook
HSALNG0121826,NONHSAG023964.2,,ENSG00000267476.1,,1,chr18,58672613,58752730,-,noncode
HSALNG0122989,NONHSAG024340.2,,,,429,chr19,1189407,1219386,+,lncbook;noncode
HSALNG0122990,NONHSAG024341.2,,,,243,chr19,1220379,1220707,+,lncbook;noncode
HSALNG0122997,NONHSAG076294.1,,,,1,chr19,1257192,1259142,-,noncode
HSALNG0122997,NONHSAG076294.1,,,,1,chr19,1257192,1259429,-,lncbook
HSALNG0123021,NONHSAG024362.3,,ENSG00000280486.2,,4,chr19,1385158,1389665,-,lncbook
HSALNG0123021,NONHSAG024362.3,,ENSG00000280486.2,,4,chr19,1385159,1389651,-,noncode
HSALNG0123022,NONHSAG024364.2,,ENSG00000248015.7,,4,chr19,1392170,1396467,-,lncbook;noncode
HSALNG0123661,,,,,54,chr19,7643079,7644447,-,lncbook
HSALNG0123982,,,,,72,chr19,11011985,11018814,-,lncbook
HSALNG0123984,,,,,238,chr19,11034907,11041393,-,lncbook
HSALNG0124000,NONHSAG109279.1,,ENSG00000267082.1,,42,chr19,11197621,11221842,+,lncbook
HSALNG0124349,NONHSAG024979.2,UCA1,ENSG00000268087.1,652995.0,6,chr19,14939434,16638095,+,noncode
HSALNG0124349,NONHSAG024979.2,UCA1,ENSG00000268087.1,652995.0,6,chr19,14939434,16646132,+,lncbook
HSALNG0124565,NONHSAG109307.1,,,,14,chr19,17843918,17844261,+,lncbook;noncode
HSALNG0125424,,,,,162,chr19,33299934,33301592,-,lncbook
HSALNG0125564,NONHSAG109349.1,,,,65,chr19,35039194,35040448,+,lncbook;noncode
HSALNG0125911,,,,,85,chr19,38495453,38497190,-,lncbook
HSALNG0125913,,,ENSG00000268055.1,,21,chr19,38535517,38537128,-,lncbook
HSALNG0126188,NONHSAG025864.2,,,,7,chr19,41361085,41364309,-,lncbook;noncode
HSALNG0126193,NONHSAG025865.2,,ENSG00000268987.1,,46,chr19,41397818,41400365,+,lncbook
HSALNG0126202,NONHSAG025867.3,PCAT19,ENSG00000267107.8,100505495.0,683,chr19,41337313,41501223,-,lncbook
HSALNG0126556,,,,,1,chr19,45391883,45393253,-,lncbook
HSALNG0126602,NONHSAG026053.3,DM1-AS,ENSG00000267395.5,109729182.0,1,chr19,45764785,45779526,+,noncode
HSALNG0126695,NONHSAG026091.2,,ENSG00000269292.1,,116,chr19,46607766,46614347,-,lncbook
HSALNG0126695,NONHSAG026091.2,,ENSG00000269292.1,,22,chr19,46608985,46610873,-,noncode
HSALNG0126715,,,,,11,chr19,46751756,46755467,-,lncbook
HSALNG0127096,NONHSAG076574.1,,,,993,chr19,50406228,50409222,-,lncbook;noncode
HSALNG0127146,,,,,1,chr19,50876944,50879215,+,lncbook
HSALNG0127572,NONHSAG076609.1,,,,1,chr19,54785869,54835292,-,lncbook;noncode
HSALNG0127573,NONHSAG109659.1,,,,1,chr19,54810155,54826833,-,lncbook;noncode
HSALNG0127986,NONHSAG026737.2,,ENSG00000273901.1,,1,chr19,58499237,58511123,+,lncbook
HSALNG0127986,NONHSAG026737.2,,ENSG00000273901.1,,1,chr19,58499491,58512413,+,noncode
HSALNG0128330,NONHSAG081746.1,PRNT,ENSG00000180259.10,149830.0,12,chr20,4649208,4740668,-,lncbook
HSALNG0128488,NONHSAG110517.1,,,,1,chr20,6786298,6787385,+,lncbook;noncode
HSALNG0128839,NONHSAG110524.1,,,,1,chr20,16378800,16380254,+,lncbook;noncode
HSALNG0129634,NONHSAG081473.1,,,,97,chr20,33401595,33410269,+,lncbook;noncode
HSALNG0129673,NONHSAG031636.3,ZNF341-AS1,ENSG00000230753.6,101929746.0,1,chr20,33786425,33812320,-,lncbook;noncode
HSALNG0130284,NONHSAG081977.1,,,,1,chr20,44089866,44172382,-,lncbook;noncode
HSALNG0130328,NONHSAG081548.1,,,,348,chr20,44585114,44624312,+,noncode
HSALNG0130437,NONHSAG081993.1,,ENSG00000271984.1,,1,chr20,45892694,45893419,-,lncbook;noncode
HSALNG0130501,,,,,3,chr20,46709661,46710495,+,lncbook
HSALNG0130502,NONHSAG031900.2,,,,69,chr20,46726287,46734089,+,lncbook;noncode
HSALNG0130521,,,,,1,chr20,47065681,47117924,-,lncbook
HSALNG0130793,NONHSAG082023.1,,,,1,chr20,50629965,50691507,-,lncbook;noncode
HSALNG0132382,NONHSAG032560.3,MIR155HG,ENSG00000234883.6,114614.0,2,chr21,25560399,26043732,+,lncbook
HSALNG0132811,NONHSAG032724.2,,,,1,chr21,33903454,33915854,-,lncbook;noncode
HSALNG0132836,NONHSAG083153.1,,ENSG00000225555.2,,84,chr21,34353037,34376078,-,lncbook
HSALNG0132850,,,,,1,chr21,34445107,34446735,+,lncbook
HSALNG0132852,,,,,6,chr21,34481500,34511243,-,lncbook
HSALNG0132874,,,ENSG00000286153.1,,297,chr21,34835270,34885517,+,lncbook
HSALNG0132875,,,,,119,chr21,34856432,34867226,+,lncbook
HSALNG0132877,NONHSAG032748.3,,ENSG00000230794.1,,163,chr21,34887046,36004667,-,lncbook;noncode
HSALNG0132879,NONHSAG032750.2,,,,1,chr21,34941817,34945040,-,lncbook;noncode
HSALNG0133377,NONHSAG082950.2,,,,256,chr21,43038807,43113335,+,noncode
HSALNG0133377,NONHSAG082950.2,,,,256,chr21,43040219,43113335,+,lncbook
HSALNG0134383,NONHSAG033459.2,,,,1,chr22,23182045,23253833,+,noncode
HSALNG0134844,,,,,38,chr22,29644769,29655472,-,lncbook
HSALNG0135297,NONHSAG033862.2,,,,1,chr22,37290733,37337811,-,lncbook
HSALNG0135297,NONHSAG033862.2,,,,1,chr22,37291178,37335523,-,noncode
HSALNG0135383,,,,,28,chr22,38113538,38114543,-,lncbook
HSALNG0135384,,,,,150,chr22,38119720,38126755,-,lncbook
HSALNG0135388,NONHSAG083734.1,,ENSG00000279080.1,,275,chr22,38130216,38150612,+,noncode
HSALNG0135388,NONHSAG083734.1,,ENSG00000279080.1,,329,chr22,38130216,38218575,+,lncbook
HSALNG0135614,NONHSAG034006.3,EP300-AS1,ENSG00000232754.1,101927279.0,9,chr22,41169190,41197499,-,noncode
HSALNG0135614,NONHSAG034006.3,EP300-AS1,ENSG00000232754.1,101927279.0,9,chr22,41169190,41197510,-,lncbook
HSALNG0136013,NONHSAG084038.1,,,,120,chr22,46227989,46688188,-,lncbook;noncode
HSALNG0136755,,,,,2,chrX,14834479,14843502,+,lncbook
HSALNG0136756,,,,,26,chrX,14859208,14862434,-,lncbook
HSALNG0136858,NONHSAG115114.1,,,,1,chrX,17625691,17737080,-,lncbook
HSALNG0136858,NONHSAG115114.1,,,,1,chrX,17635512,17737080,-,noncode
HSALNG0137217,,,,,868,chrX,31092108,31266393,+,lncbook
HSALNG0137219,NONHSAG054213.2,,,,95,chrX,31223030,31266952,-,lncbook;noncode
HSALNG0137220,,,,,2,chrX,31350662,31367841,+,lncbook
HSALNG0137222,,,,,86,chrX,31677621,31681880,+,lncbook
HSALNG0137226,NONHSAG103341.1,,,,236,chrX,32490678,32501953,+,lncbook;noncode
HSALNG0137227,,,,,148,chrX,32568290,32575076,+,lncbook
HSALNG0137233,,,,,1,chrX,33210845,33211119,-,lncbook
HSALNG0137471,NONHSAG054301.2,,,,3,chrX,41338412,41348022,-,lncbook
HSALNG0137813,NONHSAG103763.2,,,,7,chrX,48775614,48801611,-,noncode
HSALNG0138332,,,,,13,chrX,67442778,67545729,-,lncbook
HSALNG0138451,NONHSAG103800.1,,,,414,chrX,71100118,71114917,-,lncbook;noncode
HSALNG0138454,NONHSAG054716.2,,,,78,chrX,71122734,71126456,-,lncbook;noncode
HSALNG0138457,,,,,9,chrX,71138427,71140755,+,lncbook
HSALNG0139494,NONHSAG055092.2,,,,67,chrX,109622220,109629579,+,lncbook
HSALNG0139649,NONHSAG103536.1,,,,1,chrX,115639371,115645479,+,lncbook;noncode
HSALNG0140204,NONHSAG103591.1,,,,6,chrX,133434668,133599091,+,lncbook
HSALNG0140223,,,,,1,chrX,134354671,134418402,-,lncbook
HSALNG0140319,NONHSAG055397.2,,,,10,chrX,136207776,136209947,+,lncbook;noncode
HSALNG0140763,NONHSAG055546.2,,,,2,chrX,153494953,153509546,+,lncbook;noncode
HSALNG0140789,NONHSAG055558.3,,ENSG00000232725.1,102723591.0,1,chrX,153735626,153766479,-,noncode
HSALNG0140789,NONHSAG055558.3,,ENSG00000232725.1,102723591.0,1,chrX,153735626,153766949,-,lncbook
HSALNG0140812,NONHSAG103937.1,,,,77,chrX,153950053,153951130,-,lncbook;noncode
HSALNG0140825,NONHSAG055577.2,,,,115,chrX,154032374,154137103,-,lncbook;noncode
HSALNG0140837,,,,,18,chrX,154348767,154349359,+,lncbook
HSALNG0140838,NONHSAG055583.2,,,,58,chrX,154354634,154358215,-,lncbook;noncode
HSALNG0140839,,,,,13,chrX,154367923,154368412,+,lncbook
HSALNG0140879,NONHSAG115257.1,,,,7,chrX,154760292,154763533,-,lncbook;noncode
HSALNG0141839,,,,,1,chr1,114401443,114411092,+,lncbook
HSALNG0141986,,,,,3,chr1,200617080,200654164,+,lncbook
HSALNG0142348,,,,,1,chr1,152675343,152826125,-,lncbook
HSALNG0142952,,,,,1,chr11,32410186,32416492,+,lncbook
HSALNG0143101,,,,,40,chr11,128891425,128904446,+,lncbook
HSALNG0143124,,,ENSG00000254641.1,,1,chr11,6606160,6610135,-,lncbook
HSALNG0143406,,,,,5,chr12,47980657,47982875,+,lncbook
HSALNG0143407,,,,,1,chr12,47996599,47998004,+,lncbook
HSALNG0143656,,,ENSG00000287618.1,,1,chr12,64099415,64130539,-,lncbook
HSALNG0143846,,,,,1,chr13,52368032,52425242,+,lncbook
HSALNG0144021,,,,,611,chr13,100275055,100540274,-,lncbook
HSALNG0144125,,TGFB3-AS1,ENSG00000258876.1,109729179.0,25,chr14,75970924,75971587,+,lncbook
HSALNG0144148,,,,,2,chr14,94378373,94383282,+,lncbook
HSALNG0144192,,,ENSG00000258908.1,,4,chr14,20474789,20477089,-,lncbook
HSALNG0144216,,,ENSG00000257520.1,,4,chr14,36473207,36519538,-,lncbook
HSALNG0144268,,,ENSG00000258424.1,,114,chr14,90395132,90405235,-,lncbook
HSALNG0144496,,,,,1,chr15,33137649,33139424,-,lncbook
HSALNG0144611,,,ENSG00000287061.1,,113,chr15,90811528,90815544,-,lncbook
HSALNG0144633,,,,,3,chr16,164587,173801,+,lncbook
HSALNG0144830,,,,,3,chr16,153719,177187,-,lncbook
HSALNG0144863,,,,,1,chr16,13919346,13920130,-,lncbook
HSALNG0144894,,,,,6,chr16,28980061,29039079,-,lncbook
HSALNG0144958,,,ENSG00000259992.1,,305,chr16,75541399,75608445,-,lncbook
HSALNG0144979,,,ENSG00000261546.1,,76,chr16,89113175,89115279,-,lncbook
HSALNG0144982,,,ENSG00000259006.1,,191,chr16,89919827,89923173,-,lncbook
HSALNG0145049,,,ENSG00000270894.1,,1,chr17,35818399,35823713,+,lncbook
HSALNG0145155,,,ENSG00000263843.1,100287042.0,15,chr17,75271386,75274928,+,lncbook
HSALNG0145250,,,,,2,chr17,28530241,28535223,-,lncbook
HSALNG0145336,,,,,255,chr17,58724109,58756105,-,lncbook
HSALNG0145724,,,ENSG00000267727.1,,434,chr19,33301279,33301940,+,lncbook
HSALNG0145835,,,,,1,chr19,6461098,6504450,-,lncbook
HSALNG0145849,,,ENSG00000266936.1,,72,chr19,11010917,11016011,-,lncbook
HSALNG0145921,,,ENSG00000269445.1,,74,chr19,38525613,38528555,-,lncbook
HSALNG0145953,,,,,5,chr19,46604708,46605826,-,lncbook
HSALNG0146125,,,,,1,chr2,69802441,70001734,+,lncbook
HSALNG0146165,,STARD7-AS1,ENSG00000204685.7,285033.0,322,chr2,96208403,96254237,+,lncbook
HSALNG0146268,,,,,1,chr2,174348484,174349939,+,lncbook
HSALNG0146274,,,,,32,chr2,178554561,178558966,+,lncbook
HSALNG0146275,,,ENSG00000270574.1,,34,chr2,178578790,178580906,+,lncbook
HSALNG0146459,,,,,5,chr2,43758410,43932122,-,lncbook
HSALNG0146675,,,,,37,chr2,188997157,188997727,-,lncbook
HSALNG0146676,,,,,14,chr2,188998431,188998725,-,lncbook
HSALNG0146720,,,ENSG00000234638.1,,1,chr2,219425071,219426626,-,lncbook
HSALNG0146782,,,,,12,chr20,4646354,4728462,+,lncbook
HSALNG0147072,,,,,84,chr21,34363676,34433016,+,lncbook
HSALNG0147379,,,,,100,chr22,23796498,23813213,-,lncbook
HSALNG0147535,,,,,2,chr3,59946538,59957536,+,lncbook
HSALNG0147744,,,,,47,chr3,8689163,8745025,-,lncbook
HSALNG0147770,,,,,267,chr3,30621347,30671791,-,lncbook
HSALNG0147900,,,,,1,chr3,119399728,119401814,-,lncbook
HSALNG0147930,,,,,1,chr3,133594434,133668254,-,lncbook
HSALNG0148026,,,,,1,chr4,1706745,1733788,+,lncbook
HSALNG0148068,,,,,8,chr4,26358464,26435291,+,lncbook
HSALNG0148145,,,,,1,chr4,88760642,88784082,+,lncbook
HSALNG0148489,,,,,56,chr4,168488509,168530765,-,lncbook
HSALNG0148490,,,,,1,chr4,168650152,168677325,-,lncbook
HSALNG0148531,,,ENSG00000287486.1,,317,chr5,1252006,1255976,+,lncbook
HSALNG0148859,,,,,6,chr5,53560416,53560937,-,lncbook
HSALNG0148974,,,,,6,chr5,134863826,134896917,-,lncbook
HSALNG0149002,,,,,191,chr5,151236414,151272765,-,lncbook
HSALNG0149005,,,,,137,chr5,154474971,154482675,-,lncbook
HSALNG0149108,,,,,1,chr6,26060353,26182607,+,lncbook
HSALNG0149158,,,,,5,chr6,44306943,44308325,+,lncbook
HSALNG0149453,,,,,1,chr6,75877241,75924546,-,lncbook
HSALNG0149668,,,,,1,chr7,55029389,55045239,+,lncbook
HSALNG0149728,,,,,10,chr7,82341205,82354347,+,lncbook
HSALNG0150042,,CFTR-AS1,ENSG00000232661.1,111082987.0,4,chr7,117560733,117564676,-,lncbook
HSALNG0150172,,,,,1,chr8,30041851,30128785,+,lncbook
HSALNG0150211,,,,,4,chr8,56073057,56073259,+,lncbook
HSALNG0150485,,,,,1,chr8,120797547,120804227,-,lncbook
HSALNG0150644,,,,,52,chr9,78319902,78513392,+,lncbook
HSALNG0151004,,,ENSG00000286502.1,,4,chr9,134770651,134775671,-,lncbook
HSALNG0151067,,,,,1,chrX,31564026,31606348,+,lncbook
HSALNG0151286,,,,,34,chrX,154775271,154776276,-,lncbook
,NONHSAG000603.2,,,,1,chr1,21440050,21455432,+,noncode
,NONHSAG002056.2,,,,2,chr1,91682717,91712276,-,noncode
,NONHSAG002058.2,,,,1,chr1,91796910,91886107,-,noncode
,NONHSAG003156.2,,,,1,chr1,157526625,157697947,+,noncode
,NONHSAG003820.2,,,,216,chr1,193236261,193251145,+,noncode
,NONHSAG003874.2,,,,1,chr1,198639054,198716729,+,noncode
,NONHSAG003912.2,,,,149,chr1,201070261,201074573,-,noncode
,NONHSAG004714.2,,,,1,chr1,235419515,235426983,+,noncode
,NONHSAG005377.2,,,,1,chr10,21534300,21673691,+,noncode
,NONHSAG005699.2,,,,174,chr10,43077260,43100655,+,noncode
,NONHSAG006007.2,,,,1,chr10,63168065,63191060,-,noncode
,NONHSAG006054.2,,,,84,chr10,67539626,67665624,-,noncode
,NONHSAG006163.2,,,,27,chr10,71816299,71819543,-,noncode
,NONHSAG006454.2,,,,175,chr10,87863571,87864698,-,noncode
,NONHSAG006457.2,,,,787,chr10,87925513,87960939,+,noncode
,NONHSAG007430.2,,,,116,chr11,2445323,2527976,+,noncode
,NONHSAG007538.2,,,,1,chr11,6608667,6610135,-,noncode
,NONHSAG007983.2,,,,39,chr11,32389058,32396403,-,noncode
,NONHSAG009546.2,,,,732,chr11,108267340,108271352,+,noncode
,NONHSAG009613.2,,,,1,chr11,112037324,112063283,+,noncode
,NONHSAG009747.2,,,,186,chr11,118133377,118145469,-,noncode
,NONHSAG009757.2,,,,4,chr11,118344386,118353332,-,noncode
,NONHSAG009950.2,,,,1,chr11,125094370,125111763,-,noncode
,NONHSAG010184.2,,,,1,chr12,2220282,2223481,-,noncode
,NONHSAG010189.2,,,,141,chr12,2512925,2566509,+,noncode
,NONHSAG010194.2,,,,671,chr12,2676001,2691201,-,noncode
,NONHSAG010348.2,,,,1,chr12,6914450,6923696,+,noncode
,NONHSAG010375.2,,,,1,chr12,7471177,7482979,-,noncode
,NONHSAG010658.2,,,,1,chr12,21827210,21887958,+,noncode
,NONHSAG011057.2,,,,1,chr12,48776048,48776462,-,noncode
,NONHSAG012293.2,,,,1,chr12,110910853,110914238,-,noncode
,NONHSAG012303.2,,,,1,chr12,111447661,111451980,-,noncode
,NONHSAG012339.2,,,,16,chr12,112482087,112486628,+,noncode
,NONHSAG013060.2,,,,1,chr13,26337567,26400515,+,noncode
,NONHSAG013095.2,,,,1,chr13,28014486,28023421,-,noncode
,NONHSAG013109.2,,,,1,chr13,28701398,28718957,-,noncode
,NONHSAG013568.2,,,,1,chr13,52132643,52159861,-,noncode
,NONHSAG013917.2,,,,1,chr13,88142867,88236082,+,noncode
,NONHSAG014112.2,,,,3,chr13,102851199,102856068,+,noncode
,NONHSAG014372.2,,,,4,chr14,20474789,20477089,-,noncode
,NONHSAG014373.2,,,,1,chr14,20476489,20477087,+,noncode
,NONHSAG014496.2,,,,6,chr14,23412738,23435638,-,noncode
,NONHSAG014730.2,,,,4,chr14,36473207,36519521,-,noncode
,NONHSAG015505.2,,,,25,chr14,75970924,75971587,+,noncode
,NONHSAG015591.2,,,,4,chr14,81107033,81170414,-,noncode
,NONHSAG015692.2,,,,69,chr14,90402523,90405235,-,noncode
,NONHSAG016893.2,,,,1,chr15,51377285,51385397,+,noncode
,NONHSAG017238.2,,,,137,chr15,67165344,67181311,+,noncode
,NONHSAG017347.2,,,,3,chr15,72376113,72378788,+,noncode
,NONHSAG017377.2,,,,1,chr15,73368272,73368914,-,noncode
,NONHSAG018159.2,,,,3,chr16,172892,173704,-,noncode
,NONHSAG018414.2,,,,382,chr16,3564685,3588670,+,noncode
,NONHSAG018420.2,,,,1,chr16,3660742,3665472,+,noncode
,NONHSAG018461.2,,,,1,chr16,4696512,4734162,-,noncode
,NONHSAG018707.2,,,,860,chr16,15703947,15724802,-,noncode
,NONHSAG018711.2,,,,90,chr16,15741151,15741791,+,noncode
,NONHSAG019493.2,,,,46,chr16,54113058,54114466,+,noncode
,NONHSAG019569.2,,,,1,chr16,57450785,57452836,+,noncode
,NONHSAG019711.2,,,,1,chr16,67066692,67100372,+,noncode
,NONHSAG019767.2,,,,1,chr16,67842683,67843149,+,noncode
,NONHSAG019814.2,,,,13,chr16,68834627,68835542,+,noncode
,NONHSAG020064.2,,,,2,chr16,79013787,79212666,+,noncode
,NONHSAG020066.2,,,,2,chr16,79207718,79229453,-,noncode
,NONHSAG020304.2,,,,2,chr16,88731180,88741425,+,noncode
,NONHSAG020321.2,,,,76,chr16,89113175,89115279,-,noncode
,NONHSAG020374.3,,,,463,chr16,89898303,89923173,-,noncode
,NONHSAG020731.2,,,,6,chr17,7688350,7688561,+,noncode
,NONHSAG020760.2,,,,10,chr17,8224821,8225480,-,noncode
,NONHSAG020762.2,,,,263,chr17,8234916,8237548,-,noncode
,NONHSAG020771.2,,,,1,chr17,8314349,8321067,-,noncode
,NONHSAG021432.2,,,,4128,chr17,31133182,31331946,+,noncode
,NONHSAG021433.2,,,,1144,chr17,31232070,31273617,-,noncode
,NONHSAG021567.2,,,,1,chr17,35818399,35823713,+,noncode
,NONHSAG021820.2,,,,2,chr17,42314872,42323319,-,noncode
,NONHSAG021873.2,,,,9,chr17,43079302,43079780,+,noncode
,NONHSAG022339.2,,,,685,chr17,58692573,58695380,+,noncode
,NONHSAG022597.2,,,,171,chr17,68512001,68522841,+,noncode
,NONHSAG022743.3,,,,15,chr17,75271386,75275503,+,noncode
,NONHSAG024361.2,,,,12,chr19,1383527,1395584,+,noncode
,NONHSAG024681.2,,,,143,chr19,8101143,8472191,-,noncode
,NONHSAG024809.2,,,,1,chr19,10385806,10933533,+,noncode
,NONHSAG024810.2,,,,72,chr19,11010917,11016011,-,noncode
,NONHSAG024818.3,,,,26,chr19,11203545,11216168,+,noncode
,NONHSAG025185.2,,,,4,chr19,19516242,19528199,+,noncode
,NONHSAG025483.2,,,,851,chr19,33299934,33302524,+,noncode
,NONHSAG025741.2,,,,107,chr19,38499112,38499947,+,noncode
,NONHSAG025743.2,,,,74,chr19,38526954,38528555,-,noncode
,NONHSAG025744.2,,,,21,chr19,38535516,38537245,-,noncode
,NONHSAG026089.2,,,,129,chr19,46605817,46610779,+,noncode
,NONHSAG026103.2,,,,819,chr19,46748026,46777430,+,noncode
,NONHSAG026205.2,,,,1,chr19,48955667,48961011,+,noncode
,NONHSAG027694.2,,,,633,chr2,47412533,47429883,+,noncode
,NONHSAG027837.2,,,,91,chr2,58213499,58229815,-,noncode
,NONHSAG028996.2,,,,5,chr2,113127689,113133249,+,noncode
,NONHSAG029830.2,,,,16,chr2,172427774,172428604,-,noncode
,NONHSAG029958.3,,,,173,chr2,178554561,178567746,+,noncode
,NONHSAG029960.2,,,,34,chr2,178578790,178580906,+,noncode
,NONHSAG030072.2,,,,458,chr2,189001416,189012278,+,noncode
,NONHSAG030074.2,,,,81,chr2,189057318,189080019,-,noncode
,NONHSAG030244.2,,,,3,chr2,201258120,201272725,+,noncode
,NONHSAG030258.2,,,,1,chr2,201624129,201629784,-,noncode
,NONHSAG030279.2,,,,27,chr2,202376327,202470342,+,noncode
,NONHSAG030582.2,,,,1,chr2,219425071,219426184,-,noncode
,NONHSAG030738.2,,,,1,chr2,230494446,230542903,+,noncode
,NONHSAG030742.2,,,,1,chr2,230520594,230580006,-,noncode
,NONHSAG031261.2,,,,1,chr20,10645199,10646366,-,noncode
,NONHSAG031584.2,,,,1,chr20,31664461,31723926,-,noncode
,NONHSAG031853.2,,,,1,chr20,44981881,44995161,+,noncode
,NONHSAG032302.2,,,,259,chr20,63695340,63696412,-,noncode
,NONHSAG032735.2,,,,71,chr21,34370520,34375766,-,noncode
,NONHSAG032737.2,,,,138,chr21,34449374,34459595,-,noncode
,NONHSAG033645.2,,,,478,chr22,29603575,29668018,+,noncode
,NONHSAG033810.2,,,,1,chr22,35744078,35809899,-,noncode
,NONHSAG034417.2,,,,488,chr3,10081321,10108231,-,noncode
,NONHSAG034418.2,,,,191,chr3,10141802,10142014,+,noncode
,NONHSAG034676.2,,,,129,chr3,30650420,30671815,+,noncode
,NONHSAG034801.2,,,,51,chr3,38609761,38622442,-,noncode
,NONHSAG034845.2,,,,3,chr3,41220847,41225051,-,noncode
,NONHSAG035262.2,,,,97,chr3,57756275,57858155,+,noncode
,NONHSAG035382.2,,,,5,chr3,69763812,69879383,-,noncode
,NONHSAG035916.2,,,,7,chr3,123620248,123620516,-,noncode
,NONHSAG035923.2,,,,49,chr3,123752478,123831483,-,noncode
,NONHSAG036054.2,,,,1,chr3,129436715,129440017,-,noncode
,NONHSAG036615.2,,,,328,chr3,169764463,169765060,-,noncode
,NONHSAG037241.3,,,,1,chr4,1024906,1026898,-,noncode
,NONHSAG038162.2,,,,1,chr4,73076175,73078887,-,noncode
,NONHSAG038344.2,,,,4,chr4,83469024,83523348,-,noncode
,NONHSAG038561.3,,,,10,chr4,105168197,105352948,-,noncode
,NONHSAG038675.2,,,,13,chr4,112979590,113071962,-,noncode
,NONHSAG039037.2,,,,6,chr4,145642336,145650624,-,noncode
,NONHSAG039038.2,,,,10,chr4,145657252,145660034,+,noncode
,NONHSAG040241.2,,,,1,chr5,39383046,39393355,-,noncode
,NONHSAG040481.2,,,,8,chr5,60945229,61073191,+,noncode
,NONHSAG040700.2,,,,1,chr5,73447689,73448005,-,noncode
,NONHSAG040859.2,,,,315,chr5,80654359,80654946,+,noncode
,NONHSAG040945.2,,,,3,chr5,87268011,87268774,+,noncode
,NONHSAG041257.2,,,,515,chr5,112828835,112837844,+,noncode
,NONHSAG041528.2,,,,509,chr5,132603310,132605028,+,noncode
,NONHSAG042033.2,,,,1,chr5,157104788,157114900,+,noncode
,NONHSAG042132.2,,,,1,chr5,163437761,163445015,+,noncode
,NONHSAG042218.2,,,,1,chr5,171400310,171401350,+,noncode
,NONHSAG044406.2,,,,1,chr6,96548630,96694427,-,noncode
,NONHSAG047951.2,,,,1,chr7,74028158,74070180,+,noncode
,NONHSAG048191.2,,,,62,chr7,92105706,92110665,+,noncode
,NONHSAG048231.2,,,,48,chr7,94417724,94430395,+,noncode
,NONHSAG048603.3,,,,1,chr7,116235756,116499547,-,noncode
,NONHSAG048624.2,,,,4,chr7,117560733,117564676,-,noncode
,NONHSAG049801.2,,,,5,chr8,26291537,26354637,+,noncode
,NONHSAG050168.2,,,,44,chr8,47942581,47944778,+,noncode
,NONHSAG050251.2,,,,1,chr8,54457980,54459238,-,noncode
,NONHSAG050272.2,,,,18,chr8,56067295,56074509,+,noncode
,NONHSAG050708.2,,,,1346,chr8,89953445,89984601,-,noncode
,NONHSAG050769.2,,,,21,chr8,93809287,93809995,+,noncode
,NONHSAG050985.2,,,,1,chr8,103398638,103415335,-,noncode
,NONHSAG051015.3,,,,10,chr8,105780246,106060524,-,noncode
,NONHSAG051523.2,,,,672,chr8,143922964,143924660,+,noncode
,NONHSAG051567.2,,,,29,chr8,144511626,144512765,-,noncode
,NONHSAG051568.2,,,,45,chr8,144512567,144513672,+,noncode
,NONHSAG051898.2,,,,228,chr9,21994028,21994320,-,noncode
,NONHSAG052149.2,,,,27,chr9,36840559,37026575,-,noncode
,NONHSAG052151.2,,,,3,chr9,37002697,37008040,+,noncode
,NONHSAG053499.3,,,,6,chr9,127815017,127825264,-,noncode
,NONHSAG053502.2,,,,1,chr9,127826631,127854640,-,noncode
,NONHSAG054212.2,,,,271,chrX,31097677,31169557,+,noncode
,NONHSAG054214.2,,,,35,chrX,31261108,31323630,+,noncode
,NONHSAG054215.2,,,,204,chrX,31729687,31836783,-,noncode
,NONHSAG054216.2,,,,3400,chrX,32364682,33211312,-,noncode
,NONHSAG054717.2,,,,13,chrX,71137188,71137392,+,noncode
,NONHSAG054832.2,,,,1,chrX,77599732,77633335,-,noncode
,NONHSAG055547.2,,,,1,chrX,153505869,153508805,+,noncode
,NONHSAG055565.2,,,,1,chrX,153861706,153863521,-,noncode
,NONHSAG055582.2,,,,80,chrX,154348535,154350196,-,noncode
,NONHSAG057095.1,,,,106,chr1,201077585,201078536,+,noncode
,NONHSAG058461.1,,,,1,chr1,215086352,215086683,-,noncode
,NONHSAG060556.1,,,,206,chr10,70599932,70602064,+,noncode
,NONHSAG060770.1,,,,3,chr10,102632870,102633072,+,noncode
,NONHSAG061128.1,,,,1,chr10,12896630,12998431,-,noncode
,NONHSAG061426.1,,,,1,chr10,86699922,86709973,-,noncode
,NONHSAG061518.1,,,,18,chr10,104031509,104033361,-,noncode
,NONHSAG062783.1,,,,1,chr11,44234232,44244929,+,noncode
,NONHSAG062905.1,,,,364,chr11,67489394,67491101,+,noncode
,NONHSAG063141.1,,,,9,chr11,119206055,119232659,+,noncode
,NONHSAG063360.1,,,,1,chr11,31305633,31335564,-,noncode
,NONHSAG063633.1,,,,23,chr11,111908626,111913170,-,noncode
,NONHSAG063677.1,,,,4,chr11,118312144,118314791,-,noncode
,NONHSAG064970.1,,,,1,chr12,98645521,98650318,+,noncode
,NONHSAG065437.1,,,,2,chr12,49031782,49034474,-,noncode
,NONHSAG065762.1,,,,12,chr12,121000486,121001268,-,noncode
,NONHSAG067407.1,,,,2,chr13,28433944,28495115,-,noncode
,NONHSAG069085.1,,,,2,chr14,23381986,23389627,-,noncode
,NONHSAG069272.1,,,,1,chr14,67110138,67180994,-,noncode
,NONHSAG070808.1,,,,1,chr15,65002519,65005578,-,noncode
,NONHSAG071432.1,,,,1,chr16,2309310,2331655,+,noncode
,NONHSAG071845.1,,,,2,chr16,78233583,78305034,+,noncode
,NONHSAG072023.1,,,,29,chr16,13924753,13926703,-,noncode
,NONHSAG072029.1,,,,72,chr16,14435720,14447050,-,noncode
,NONHSAG072038.1,,,,501,chr16,15738631,15756457,-,noncode
,NONHSAG072278.1,,,,2,chr16,78272513,78328061,-,noncode
,NONHSAG072948.1,,,,17,chr17,10694899,10709768,+,noncode
,NONHSAG073119.1,,,,2,chr17,39725636,39725880,+,noncode
,NONHSAG073131.1,,,,136,chr17,40628084,40630795,+,noncode
,NONHSAG073384.1,,,,1,chr17,76734117,76737331,+,noncode
,NONHSAG073513.1,,,,84,chr17,7700739,7708201,-,noncode
,NONHSAG073597.1,,,,1,chr17,31305029,31321675,-,noncode
,NONHSAG073639.1,,,,96,chr17,37293561,37852819,-,noncode
,NONHSAG073664.1,,,,194,chr17,41754612,41757741,-,noncode
,NONHSAG074531.1,,,,1,chr18,670833,673496,+,noncode
,NONHSAG074626.1,,,,1,chr18,22181496,22201583,+,noncode
,NONHSAG074635.1,,,,1,chr18,22981281,22993162,+,noncode
,NONHSAG075053.1,,,,66,chr18,23539241,23539565,-,noncode
,NONHSAG075975.1,,,,1,chr19,10491701,10492269,+,noncode
,NONHSAG075987.1,,,,1,chr19,12940251,12944488,+,noncode
,NONHSAG076003.1,,,,1,chr19,15170669,15174405,+,noncode
,NONHSAG076126.1,,,,145,chr19,38580078,38587560,+,noncode
,NONHSAG076171.1,,,,2,chr19,45354720,45370241,+,noncode
,NONHSAG076323.1,,,,2,chr19,3632873,3643350,-,noncode
,NONHSAG076396.1,,,,1,chr19,15191424,15201477,-,noncode
,NONHSAG076419.1,,,,33,chr19,17826550,17826910,-,noncode
,NONHSAG077228.1,,,,96,chr2,29328388,29351579,+,noncode
,NONHSAG077324.1,,,,280,chr2,47369328,47374498,+,noncode
,NONHSAG078036.1,,,,58,chr2,188993216,188994388,+,noncode
,NONHSAG078875.1,,,,533,chr2,96254846,96265982,-,noncode
,NONHSAG078935.1,,,,3,chr2,105360831,105363473,-,noncode
,NONHSAG079276.1,,,,41,chr2,178793404,178807414,-,noncode
,NONHSAG079507.1,,,,10,chr2,239960741,239990499,-,noncode
,NONHSAG081706.1,,,,2,chr20,63662183,63662483,+,noncode
,NONHSAG081708.1,,,,792,chr20,63693268,63696241,+,noncode
,NONHSAG081709.1,,,,16,chr20,63696671,63698676,+,noncode
,NONHSAG082056.1,,,,3,chr20,56369410,56390666,-,noncode
,NONHSAG082822.1,,,,2,chr21,25571020,26043732,+,noncode
,NONHSAG082893.1,,,,1,chr21,34941882,34942725,+,noncode
,NONHSAG083859.1,,,,34,chr22,50523926,50524780,+,noncode
,NONHSAG084005.1,,,,3,chr22,39223684,39230224,-,noncode
,NONHSAG084074.1,,,,4,chr22,50525756,50526388,-,noncode
,NONHSAG084532.1,,,,206,chr3,30606589,30650379,+,noncode
,NONHSAG084918.2,,,,301,chr3,123692463,123718005,+,noncode
,NONHSAG085289.1,,,,1,chr3,196025969,196054942,+,noncode
,NONHSAG085361.1,,,,7,chr3,14145311,14148652,-,noncode
,NONHSAG085522.1,,,,334,chr3,52402779,52403598,-,noncode
,NONHSAG087334.1,,,,3,chr4,1801463,1803739,+,noncode
,NONHSAG087751.1,,,,25,chr4,113293458,113303710,+,noncode
,NONHSAG090726.1,,,,2,chr5,177515928,177516760,+,noncode
,NONHSAG091094.1,,,,2,chr5,87376256,87377180,-,noncode
,NONHSAG091311.1,,,,1,chr5,150118749,150123063,-,noncode
,NONHSAG093114.1,,,,1,chr6,30986950,30988553,+,noncode
,NONHSAG093557.1,,,,1,chr6,118558842,118560599,+,noncode
,NONHSAG093582.1,,,,95,chr6,123481303,123513455,+,noncode
,NONHSAG096403.1,,,,3,chr7,65781538,66542549,+,noncode
,NONHSAG096479.1,,,,1,chr7,87446014,87585473,+,noncode
,NONHSAG097137.1,,,,1,chr7,66991279,66995549,-,noncode
,NONHSAG098791.1,,,,105,chr8,42271317,42297894,+,noncode
,NONHSAG098887.1,,,,1,chr8,67158464,67175341,+,noncode
,NONHSAG098897.1,,,,1,chr8,71211570,71215595,+,noncode
,NONHSAG101285.1,,,,915,chr9,35073732,35079607,+,noncode
,NONHSAG102065.1,,,,52,chr9,78325254,78335465,-,noncode
,NONHSAG103361.1,,,,1,chrX,40071944,40077957,+,noncode
,NONHSAG103373.1,,,,2,chrX,41346595,41349438,+,noncode
,NONHSAG105222.1,,,,1,chr1,235432985,235433231,+,noncode
,NONHSAG106354.1,,,,10,chr11,74493380,74511511,+,noncode
,NONHSAG106370.1,,,,3,chr11,93808726,93812395,+,noncode
,NONHSAG106816.1,,,,1,chr12,102853541,102904920,+,noncode
,NONHSAG108678.1,,,,53,chr17,50192993,50199087,+,noncode
,NONHSAG108713.1,,,,1211,chr17,61791376,61810842,+,noncode
,NONHSAG108872.1,,,,757,chr17,31349328,31391523,-,noncode
,NONHSAG110440.1,,,,24,chr2,218659811,218661201,-,noncode
,NONHSAG110824.1,,,,297,chr21,34841124,34884995,+,noncode
,NONHSAG111439.1,,,,125,chr3,14141443,14144509,-,noncode
,NONHSAG111453.1,,,,267,chr3,30621347,30671791,-,noncode
,NONHSAG112324.1,,,,2,chr5,69115380,69129974,+,noncode
,NONHSAG112640.1,,,,1,chr5,87389303,87392824,-,noncode
,NONHSAG113814.1,,,,1,chr7,74048744,74062301,-,noncode
,NONHSAG113841.1,,,,43,chr7,94418419,94431219,-,noncode
,NONHSAG115019.1,,,,1,chrX,64189863,64193331,+,noncode
,NONHSAG115285.1,,,,1,chr12,64099415,64130539,-,noncode
,NONHSAG115295.1,,,,6,chr16,28341434,29370272,+,noncode
,NONHSAG115313.1,,,,791,chr2,29841187,29955405,-,noncode
,NONHSAG115325.1,,,,84,chr21,34353099,34375364,-,noncode
