exp_type,exp_score,cell_line,target_id,PMID
CRISPR splice,2.661536842,HeLa,AC012360.4,30395134
CRISPR splice,3.701422304,HeLa,AC024560.2,30395134
CRISPR splice,2.703226972,HeLa,AC025442.3,30395134
CRISPR splice,2.511836854,HeLa,AC067960.1,30395134
CRISPR splice,3.314792692,HeLa,AC103564.7,30395134
CRISPR splice,2.364001672,HeLa,AC105053.3,30395134
CRISPR splice,2.194545286,HeLa,AC108448.3,30395134
CRISPR splice,2.842284931,HeLa,AC137932.5,30395134
CRISPR splice,2.754480017,HeLa,AF196970.3,30395134
CRISPR splice,2.355447201,HeLa,ALG1L9P,30395134
CRISPR splice,2.406496986,HeLa,AP000356.2,30395134
CRISPR splice,2.9606209,HeLa,AP005135.2,30395134
CRISPR splice,5.49654179,HeLa,CASC11,30395134
CRISPR splice,7.67294863,HeLa,CASC19,30395134
CRISPR splice,2.909563514,HeLa,CASC21,30395134
CRISPR splice,8.351249355,HeLa,CCAT1,30395134
CRISPR splice,2.112910004,HeLa,CH17-360D5.2,30395134
CRISPR splice,2.76276274,HeLa,CHRM3-AS1,30395134
CRISPR splice,4.35111396,HeLa,CROCCP2,30395134
CRISPR splice,3.930131959,HeLa,CTC-250I14.6,30395134
CRISPR splice,3.250658867,HeLa,CTC-338M12.2,30395134
CRISPR splice,4.690307361,HeLa,CTD-2083E4.4,30395134
CRISPR splice,4.314970675,HeLa,CTD-2165H16.4,30395134
CRISPR splice,3.954273281,HeLa,CTD-2231H16.1,30395134
CRISPR splice,2.228873267,HeLa,CTD-2265O21.7,30395134
CRISPR splice,5.492982879,HeLa,CTD-2517M22.17,30395134
CRISPR splice,3.67036942,HeLa,CTD-2561B21.3,30395134
CRISPR splice,4.555663181,HeLa,CTD-2589M5.5,30395134
CRISPR splice,2.242712142,HeLa,CTD-2659N19.10,30395134
CRISPR splice,3.542508005,HeLa,CTD-3080P12.3,30395134
CRISPR splice,2.79293716,HeLa,CYP4A22-AS1,30395134
CRISPR splice,4.785521626,HeLa,EPB41L4A-AS1,30395134
CRISPR splice,3.585177254,HeLa,FAM225B,30395134
CRISPR splice,2.252486679,HeLa,FAM87B,30395134
CRISPR splice,2.288272825,HeLa,GRTP1-AS1,30395134
CRISPR splice,2.998459621,HeLa,GS1-124K5.4,30395134
CRISPR splice,2.075215557,HeLa,HCG24,30395134
CRISPR splice,2.464016269,HeLa,HNRNPU-AS1,30395134
CRISPR splice,3.753314721,HeLa,HOXB-AS4,30395134
CRISPR splice,3.092321597,HeLa,HP09025,30395134
CRISPR splice,4.706917389,HeLa,LA16c-321D4.2,30395134
CRISPR splice,4.099371806,HeLa,LA16c-380H5.3,30395134
CRISPR splice,2.535330576,HeLa,LINC00333,30395134
CRISPR splice,4.535313521,HeLa,LINC00514,30395134
CRISPR splice,3.749420816,HeLa,LINC00518,30395134
CRISPR splice,3.091207277,HeLa,MGC16275,30395134
CRISPR splice,3.443260229,HeLa,MYCBP2-AS2,30395134
CRISPR splice,3.084296693,HeLa,RP1-241P17.1,30395134
CRISPR splice,4.576727508,HeLa,RP1-283E3.8,30395134
CRISPR splice,3.311532138,HeLa,RP11-100F15.1,30395134
CRISPR splice,3.119619911,HeLa,RP11-117D22.1,30395134
CRISPR splice,2.322568731,HeLa,RP11-1223D19.1,30395134
CRISPR splice,4.045827954,HeLa,RP11-1379J22.5,30395134
CRISPR splice,3.212824488,HeLa,RP11-13E1.5,30395134
CRISPR splice,2.007911215,HeLa,RP11-149I9.2,30395134
CRISPR splice,2.648910876,HeLa,RP11-161H23.5,30395134
CRISPR splice,2.044728536,HeLa,RP11-192H23.7,30395134
CRISPR splice,2.999609973,HeLa,RP11-213G2.2,30395134
CRISPR splice,3.987995024,HeLa,RP11-21J18.1,30395134
CRISPR splice,2.241684137,HeLa,RP11-247I13.11,30395134
CRISPR splice,2.660695331,HeLa,RP11-263K19.6,30395134
CRISPR splice,3.041381166,HeLa,RP11-278A23.2,30395134
CRISPR splice,2.06442359,HeLa,RP11-305P14.1,30395134
CRISPR splice,4.757413304,HeLa,RP11-310P5.1,30395134
CRISPR splice,3.162642608,HeLa,RP11-310P5.2,30395134
CRISPR splice,2.574262769,HeLa,RP11-315I20.3,30395134
CRISPR splice,2.863823328,HeLa,RP11-343H5.6,30395134
CRISPR splice,4.267226871,HeLa,RP11-345P4.10,30395134
CRISPR splice,4.014333231,HeLa,RP11-350D17.2,30395134
CRISPR splice,2.077494621,HeLa,RP11-350G8.9,30395134
CRISPR splice,2.520866676,HeLa,RP11-355N15.1,30395134
CRISPR splice,2.760693858,HeLa,RP11-361D15.2,30395134
CRISPR splice,2.635520803,HeLa,RP11-400N13.3,30395134
CRISPR splice,2.014957056,HeLa,RP11-409K20.6,30395134
CRISPR splice,5.752220277,HeLa,RP11-429J17.7,30395134
CRISPR splice,3.96495121,HeLa,RP11-429J17.8,30395134
CRISPR splice,2.676628283,HeLa,RP11-461A8.1,30395134
CRISPR splice,3.090346641,HeLa,RP11-46D6.1,30395134
CRISPR splice,2.119985618,HeLa,RP11-47J17.3,30395134
CRISPR splice,2.535480282,HeLa,RP11-483H20.4,30395134
CRISPR splice,2.459361916,HeLa,RP11-498C9.13,30395134
CRISPR splice,5.026291287,HeLa,RP11-509A17.3,30395134
CRISPR splice,2.080344268,HeLa,RP11-540O11.1,30395134
CRISPR splice,2.169883949,HeLa,RP11-547C5.1,30395134
CRISPR splice,3.873251671,HeLa,RP11-575L7.2,30395134
CRISPR splice,3.198877379,HeLa,RP11-646J21.6,30395134
CRISPR splice,4.010370945,HeLa,RP11-649A18.12,30395134
CRISPR splice,2.760470884,HeLa,RP11-654A16.1,30395134
CRISPR splice,2.864283155,HeLa,RP11-661C8.2,30395134
CRISPR splice,2.791062793,HeLa,RP11-671J11.4,30395134
CRISPR splice,5.324499449,HeLa,RP11-671J11.6,30395134
CRISPR splice,4.559641016,HeLa,RP11-671J11.7,30395134
CRISPR splice,3.967036279,HeLa,RP11-68I3.7,30395134
CRISPR splice,3.145547743,HeLa,RP11-706C16.7,30395134
CRISPR splice,2.266815009,HeLa,RP11-789A21.1,30395134
CRISPR splice,2.869300907,HeLa,RP11-863P13.4,30395134
CRISPR splice,2.475222035,HeLa,RP11-867G23.2,30395134
CRISPR splice,2.655934799,HeLa,RP11-867G23.4,30395134
CRISPR splice,2.712782078,HeLa,RP11-91H12.4,30395134
CRISPR splice,2.362033236,HeLa,RP11-945A11.2,30395134
CRISPR splice,2.768536249,HeLa,RP11-989E6.3,30395134
CRISPR splice,3.267688929,HeLa,RP13-516M14.2,30395134
CRISPR splice,4.147329314,HeLa,RP13-582O9.5,30395134
CRISPR splice,2.476100752,HeLa,RP13-766D20.2,30395134
CRISPR splice,2.841719944,HeLa,RP3-406P24.3,30395134
CRISPR splice,4.603718529,HeLa,RP4-536B24.4,30395134
CRISPR splice,2.256424572,HeLa,RP4-683L5.1,30395134
CRISPR splice,3.137416963,HeLa,RP5-1063M23.1,30395134
CRISPR splice,3.286113753,HeLa,RP5-1173A5.1,30395134
CRISPR splice,2.820617045,HeLa,RP5-983L19.2,30395134
CRISPR splice,2.042252335,HeLa,STAU2-AS1,30395134
CRISPR splice,2.120479249,HeLa,TMEM9B-AS1,30395134
CRISPR splice,4.012638856,HeLa,VPS9D1-AS1,30395134
CRISPR splice,2.75944836,K562,AC002398.13,30395134
CRISPR splice,5.72311942,K562,AC002472.11,30395134
CRISPR splice,2.732559517,K562,AC004160.4,30395134
CRISPR splice,4.06873471,K562,AC004471.10,30395134
CRISPR splice,5.131712447,K562,AC004471.9,30395134
CRISPR splice,5.322422843,K562,AC005330.2,30395134
CRISPR splice,2.030227077,K562,AC005523.3,30395134
CRISPR splice,2.078972483,K562,AC005932.1,30395134
CRISPR splice,2.091878174,K562,AC006547.13,30395134
CRISPR splice,2.076591129,K562,AC007009.1,30395134
CRISPR splice,2.523524606,K562,AC007050.17,30395134
CRISPR splice,5.761802314,K562,AC007308.7,30395134
CRISPR splice,2.233095048,K562,AC007405.8,30395134
CRISPR splice,2.940294161,K562,AC007563.3,30395134
CRISPR splice,2.815508678,K562,AC009299.3,30395134
CRISPR splice,2.382366895,K562,AC013269.4,30395134
CRISPR splice,3.523141923,K562,AC016629.8,30395134
CRISPR splice,2.759691014,K562,AC016735.1,30395134
CRISPR splice,2.044913039,K562,AC016738.4,30395134
CRISPR splice,2.273024117,K562,AC017116.11,30395134
CRISPR splice,2.330964663,K562,AC018766.6,30395134
CRISPR splice,2.234360611,K562,AC019100.3,30395134
CRISPR splice,3.432560982,K562,AC024560.2,30395134
CRISPR splice,2.066130642,K562,AC025165.8,30395134
CRISPR splice,2.058986183,K562,AC026471.6,30395134
CRISPR splice,2.128708414,K562,AC061992.2,30395134
CRISPR splice,3.582708829,K562,AC067969.2,30395134
CRISPR splice,2.289296526,K562,AC079305.10,30395134
CRISPR splice,2.293680494,K562,AC092168.3,30395134
CRISPR splice,2.067449281,K562,AC092431.3,30395134
CRISPR splice,3.584483719,K562,AC097532.2,30395134
CRISPR splice,2.413430005,K562,AC109333.10,30395134
CRISPR splice,2.192334051,K562,AC137723.5,30395134
CRISPR splice,2.026989783,K562,AC226118.1,30395134
CRISPR splice,4.226176788,K562,ANKRD62P1-PARP4P3,30395134
CRISPR splice,2.132026712,K562,AP000344.3,30395134
CRISPR splice,2.020132539,K562,AP000469.2,30395134
CRISPR splice,2.539018937,K562,AP001058.3,30395134
CRISPR splice,3.855458729,K562,AP001062.9,30395134
CRISPR splice,2.622428052,K562,AP001476.2,30395134
CRISPR splice,2.572905185,K562,AP001476.3,30395134
CRISPR splice,4.553093381,K562,AP005135.2,30395134
CRISPR splice,5.399238199,K562,AP005273.1,30395134
CRISPR splice,2.046686581,K562,AQP4-AS1,30395134
CRISPR splice,3.343399012,K562,BMS1P20,30395134
CRISPR splice,3.508923005,K562,CROCCP2,30395134
CRISPR splice,2.819409924,K562,CTB-133G6.2,30395134
CRISPR splice,3.678305691,K562,CTB-25J19.1,30395134
CRISPR splice,2.067079789,K562,CTB-31O20.3,30395134
CRISPR splice,2.279452209,K562,CTB-39G8.3,30395134
CRISPR splice,2.046262755,K562,CTB-50E14.4,30395134
CRISPR splice,2.205209817,K562,CTB-60B18.10,30395134
CRISPR splice,2.125643714,K562,CTB-91J4.1,30395134
CRISPR splice,2.050473468,K562,CTC-209H22.3,30395134
CRISPR splice,3.269013719,K562,CTC-250I14.6,30395134
CRISPR splice,2.140170659,K562,CTC-338M12.6,30395134
CRISPR splice,2.519234495,K562,CTC-425F1.4,30395134
CRISPR splice,2.027934677,K562,CTC-453G23.4,30395134
CRISPR splice,3.628446746,K562,CTC-457E21.9,30395134
CRISPR splice,2.330329581,K562,CTC-467M3.3,30395134
CRISPR splice,3.447966982,K562,CTC-490G23.4,30395134
CRISPR splice,2.392136542,K562,CTC-501O10.1,30395134
CRISPR splice,2.04146585,K562,CTC-510F12.4,30395134
CRISPR splice,2.099172056,K562,CTD-2007L18.5,30395134
CRISPR splice,2.271330818,K562,CTD-2023N9.1,30395134
CRISPR splice,4.342812408,K562,CTD-2031P19.5,30395134
CRISPR splice,2.351130579,K562,CTD-2105E13.14,30395134
CRISPR splice,2.419497368,K562,CTD-2195B23.3,30395134
CRISPR splice,2.043647139,K562,CTD-2270L9.4,30395134
CRISPR splice,2.61441557,K562,CTD-2319I12.4,30395134
CRISPR splice,2.188999391,K562,CTD-2349P21.6,30395134
CRISPR splice,3.737811395,K562,CTD-2517M22.17,30395134
CRISPR splice,2.082871442,K562,CTD-2540L5.5,30395134
CRISPR splice,2.466463526,K562,CTD-2561B21.3,30395134
CRISPR splice,2.148461869,K562,CTD-2616J11.2,30395134
CRISPR splice,3.056879727,K562,CTD-2644I21.1,30395134
CRISPR splice,2.901184739,K562,CTD-3113P16.5,30395134
CRISPR splice,3.465205734,K562,CTD-3118D11.2,30395134
CRISPR splice,2.914919444,K562,CTD-3193O13.14,30395134
CRISPR splice,2.035229922,K562,CTD-3224K15.2,30395134
CRISPR splice,3.813342055,K562,DGCR5,30395134
CRISPR splice,2.01794443,K562,DLG3-AS1,30395134
CRISPR splice,2.356123262,K562,FAM225B,30395134
CRISPR splice,2.042820962,K562,FAM83A-AS1,30395134
CRISPR splice,2.296006364,K562,FAM99A,30395134
CRISPR splice,3.76329802,K562,FLJ41941,30395134
CRISPR splice,4.146760926,K562,GPC5-IT1,30395134
CRISPR splice,2.088593503,K562,GS1-393G12.12,30395134
CRISPR splice,2.130008921,K562,HCG20,30395134
CRISPR splice,2.292680508,K562,HNRNPU-AS1,30395134
CRISPR splice,2.626391019,K562,HP09025,30395134
CRISPR splice,2.135863364,K562,HYI-AS1,30395134
CRISPR splice,3.608587762,K562,KB-7G2.8,30395134
CRISPR splice,2.050481926,K562,KCNIP2-AS1,30395134
CRISPR splice,2.022596207,K562,L34079.4,30395134
CRISPR splice,2.466501053,K562,LA16c-380H5.3,30395134
CRISPR splice,2.02137416,K562,LA16c-380H5.4,30395134
CRISPR splice,2.353669272,K562,LA16c-444G7.1,30395134
CRISPR splice,2.803897766,K562,LA16c-4G1.3,30395134
CRISPR splice,2.003438389,K562,LINC00240,30395134
CRISPR splice,2.33861683,K562,LINC00379,30395134
CRISPR splice,2.269976008,K562,LINC00380,30395134
CRISPR splice,5.395642904,K562,LINC00410,30395134
CRISPR splice,2.256703634,K562,LINC00854,30395134
CRISPR splice,2.677562373,K562,LINC00869,30395134
CRISPR splice,4.396607671,K562,LINC01049,30395134
CRISPR splice,2.45077497,K562,LINC01251,30395134
CRISPR splice,12.11672885,K562,LL22NC03-102D1.18,30395134
CRISPR splice,7.097501405,K562,LL22NC03-23C6.13,30395134
CRISPR splice,11.04101611,K562,LL22NC03-86G7.1,30395134
CRISPR splice,4.917644856,K562,MIR17HG,30395134
CRISPR splice,2.644688312,K562,NKX2-2-AS1,30395134
CRISPR splice,3.380655482,K562,PCAT18,30395134
CRISPR splice,2.437858679,K562,PRSS29P,30395134
CRISPR splice,2.252993329,K562,RC3H1-IT1,30395134
CRISPR splice,2.016133267,K562,RP1-140A9.1,30395134
CRISPR splice,2.281775702,K562,RP1-149A16.12,30395134
CRISPR splice,3.238231179,K562,RP1-224A6.3,30395134
CRISPR splice,2.263909664,K562,RP1-283E3.8,30395134
CRISPR splice,2.156336716,K562,RP1-317E23.3,30395134
CRISPR splice,2.001316801,K562,RP1-46F2.3,30395134
CRISPR splice,2.416995066,K562,RP1-65J11.5,30395134
CRISPR splice,2.296776117,K562,RP1-69M21.2,30395134
CRISPR splice,3.014517971,K562,RP11-104E19.1,30395134
CRISPR splice,2.183295928,K562,RP11-108M9.3,30395134
CRISPR splice,2.470501739,K562,RP11-111M22.3,30395134
CRISPR splice,3.276765436,K562,RP11-117D22.1,30395134
CRISPR splice,2.820496307,K562,RP11-123O10.4,30395134
CRISPR splice,2.268497976,K562,RP11-137H2.4,30395134
CRISPR splice,2.406339227,K562,RP11-153K11.3,30395134
CRISPR splice,2.279928111,K562,RP11-161H23.5,30395134
CRISPR splice,2.426489099,K562,RP11-195F19.30,30395134
CRISPR splice,2.21147828,K562,RP11-196B3.3,30395134
CRISPR splice,2.568138591,K562,RP11-203H2.1,30395134
CRISPR splice,3.075768287,K562,RP11-20J15.3,30395134
CRISPR splice,2.39385701,K562,RP11-218M11.3,30395134
CRISPR splice,2.010366728,K562,RP11-219F10.1,30395134
CRISPR splice,2.117965355,K562,RP11-21J18.1,30395134
CRISPR splice,2.094514446,K562,RP11-227H15.4,30395134
CRISPR splice,3.313651511,K562,RP11-23E19.1,30395134
CRISPR splice,2.448850886,K562,RP11-23F23.2,30395134
CRISPR splice,3.359454782,K562,RP11-251M1.1,30395134
CRISPR splice,2.769401485,K562,RP11-256P1.1,30395134
CRISPR splice,2.129976726,K562,RP11-264B17.3,30395134
CRISPR splice,2.714929068,K562,RP11-264B17.5,30395134
CRISPR splice,2.741710269,K562,RP11-269F19.2,30395134
CRISPR splice,2.194291753,K562,RP11-272J7.4,30395134
CRISPR splice,2.583043438,K562,RP11-276H7.2,30395134
CRISPR splice,2.075894647,K562,RP11-296I10.3,30395134
CRISPR splice,2.044178394,K562,RP11-297J22.1,30395134
CRISPR splice,2.529652164,K562,RP11-31K23.2,30395134
CRISPR splice,2.252732199,K562,RP11-326C3.2,30395134
CRISPR splice,6.841384103,K562,RP11-343N15.2,30395134
CRISPR splice,2.12320045,K562,RP11-345P4.10,30395134
CRISPR splice,2.125489667,K562,RP11-351A20.2,30395134
CRISPR splice,2.239768584,K562,RP11-351C8.1,30395134
CRISPR splice,2.002900837,K562,RP11-359G22.2,30395134
CRISPR splice,2.744080945,K562,RP11-360L9.7,30395134
CRISPR splice,2.563885368,K562,RP11-36D19.8,30395134
CRISPR splice,2.725597746,K562,RP11-371A19.2,30395134
CRISPR splice,2.101246859,K562,RP11-379L18.1,30395134
CRISPR splice,2.366009519,K562,RP11-39H13.1,30395134
CRISPR splice,2.144366139,K562,RP11-402L1.11,30395134
CRISPR splice,2.639734318,K562,RP11-408H20.2,30395134
CRISPR splice,2.034143863,K562,RP11-426C22.4,30395134
CRISPR splice,2.643852549,K562,RP11-429J17.5,30395134
CRISPR splice,3.398171523,K562,RP11-429J17.7,30395134
CRISPR splice,2.058345222,K562,RP11-430H10.3,30395134
CRISPR splice,2.363780215,K562,RP11-432I5.8,30395134
CRISPR splice,2.461269129,K562,RP11-458K10.3,30395134
CRISPR splice,3.643586655,K562,RP11-464F9.21,30395134
CRISPR splice,3.091430188,K562,RP11-467J12.4,30395134
CRISPR splice,2.028845558,K562,RP11-469H8.8,30395134
CRISPR splice,2.535334426,K562,RP11-46C24.3,30395134
CRISPR splice,3.817006557,K562,RP11-46D6.1,30395134
CRISPR splice,2.472011849,K562,RP11-470L19.5,30395134
CRISPR splice,2.974606436,K562,RP11-483H20.4,30395134
CRISPR splice,2.13484129,K562,RP11-486L19.2,30395134
CRISPR splice,2.487140078,K562,RP11-499O7.7,30395134
CRISPR splice,2.480301635,K562,RP11-49K24.4,30395134
CRISPR splice,3.74122256,K562,RP11-509A17.3,30395134
CRISPR splice,7.025836847,K562,RP11-544A12.4,30395134
CRISPR splice,2.246724626,K562,RP11-547C5.1,30395134
CRISPR splice,2.072564631,K562,RP11-550C4.6,30395134
CRISPR splice,2.053541674,K562,RP11-558A11.1,30395134
CRISPR splice,3.294249315,K562,RP11-56N19.5,30395134
CRISPR splice,2.300965358,K562,RP11-57J16.1,30395134
CRISPR splice,2.428614231,K562,RP11-603J24.4,30395134
CRISPR splice,2.210024295,K562,RP11-619A14.3,30395134
CRISPR splice,2.392386027,K562,RP11-636O21.1,30395134
CRISPR splice,2.051280725,K562,RP11-649A18.12,30395134
CRISPR splice,2.496454619,K562,RP11-64B16.3,30395134
CRISPR splice,3.86336118,K562,RP11-671J11.4,30395134
CRISPR splice,2.721810915,K562,RP11-672A2.4,30395134
CRISPR splice,2.754997419,K562,RP11-672A2.6,30395134
CRISPR splice,3.001674425,K562,RP11-685G9.2,30395134
CRISPR splice,2.067233924,K562,RP11-732A19.2,30395134
CRISPR splice,2.453186322,K562,RP11-746B8.1,30395134
CRISPR splice,2.657076548,K562,RP11-77H9.8,30395134
CRISPR splice,2.446829635,K562,RP11-797H7.5,30395134
CRISPR splice,2.807609703,K562,RP11-7I15.4,30395134
CRISPR splice,2.224430596,K562,RP11-7O11.3,30395134
CRISPR splice,3.240330291,K562,RP11-810P12.5,30395134
CRISPR splice,2.229970167,K562,RP11-810P8.1,30395134
CRISPR splice,5.797514219,K562,RP11-83J21.3,30395134
CRISPR splice,7.156274126,K562,RP11-848P1.5,30395134
CRISPR splice,2.354693566,K562,RP11-855A2.5,30395134
CRISPR splice,2.297289093,K562,RP11-863P13.1,30395134
CRISPR splice,3.558777756,K562,RP11-863P13.2,30395134
CRISPR splice,2.727709543,K562,RP11-863P13.4,30395134
CRISPR splice,2.021406403,K562,RP11-864I4.4,30395134
CRISPR splice,3.242192096,K562,RP11-867G23.4,30395134
CRISPR splice,3.282576021,K562,RP11-883G14.4,30395134
CRISPR splice,2.476673279,K562,RP11-893F2.13,30395134
CRISPR splice,2.22264199,K562,RP11-89H19.1,30395134
CRISPR splice,2.245926032,K562,RP11-958F21.3,30395134
CRISPR splice,2.243875227,K562,RP11-960L18.1,30395134
CRISPR splice,2.290718407,K562,RP13-941N14.1,30395134
CRISPR splice,2.081913624,K562,RP3-340B19.3,30395134
CRISPR splice,3.155571922,K562,RP3-368B9.2,30395134
CRISPR splice,2.639026955,K562,RP3-395M20.2,30395134
CRISPR splice,2.836737755,K562,RP3-400B16.3,30395134
CRISPR splice,2.451354422,K562,RP3-414A15.2,30395134
CRISPR splice,2.570700242,K562,RP3-449H6.1,30395134
CRISPR splice,2.155254219,K562,RP3-522D1.1,30395134
CRISPR splice,2.045901534,K562,RP4-529N6.1,30395134
CRISPR splice,2.848627419,K562,RP4-656G21.1,30395134
CRISPR splice,2.434199379,K562,RP5-1006K12.1,30395134
CRISPR splice,2.285006861,K562,RP5-1066H13.4,30395134
CRISPR splice,2.436337264,K562,RP5-1074L1.1,30395134
CRISPR splice,2.213769014,K562,RP5-1091N2.9,30395134
CRISPR splice,2.181540149,K562,RP5-1096D14.3,30395134
CRISPR splice,2.447472269,K562,RP5-1142A6.8,30395134
CRISPR splice,2.29084349,K562,RP5-1142J19.1,30395134
CRISPR splice,2.454791137,K562,RP5-905H7.11,30395134
CRISPR splice,2.507605288,K562,RP5-905H7.9,30395134
CRISPR splice,2.561723582,K562,RP5-930J4.2,30395134
CRISPR splice,2.209468111,K562,SNX29P2,30395134
CRISPR splice,2.680403989,K562,SPANXA2-OT1,30395134
CRISPR splice,5.798399346,K562,THAP7-AS1,30395134
CRISPR splice,6.843909521,K562,TMEM191A,30395134
CRISPR splice,2.91358972,K562,TMEM5-AS1,30395134
CRISPR splice,3.98911576,K562,TPTEP1,30395134
CRISPR splice,2.010982058,K562,TXNDC12-AS1,30395134
CRISPR splice,6.803501428,K562,XXbac-B135H6.15,30395134
CRISPR splice,4.246561418,K562,XXbac-B444P24.8,30395134
CRISPR splice,2.786089811,K562,XXbac-BPG300A18.13,30395134
CRISPR splice,2.154060218,K562,ZNF503-AS2,30395134
CRISPR splice,2.18370397,GM12878,AADACL2-AS1,30395134
CRISPR splice,2.201825123,GM12878,AC004840.8,30395134
CRISPR splice,3.080232122,GM12878,AC004893.11,30395134
CRISPR splice,3.404762899,GM12878,AC005104.3,30395134
CRISPR splice,2.154990061,GM12878,AC005253.4,30395134
CRISPR splice,5.369766544,GM12878,AC005330.2,30395134
CRISPR splice,2.992077863,GM12878,AC007566.10,30395134
CRISPR splice,2.791659551,GM12878,AC008694.3,30395134
CRISPR splice,2.691894331,GM12878,AC009133.15,30395134
CRISPR splice,2.267244134,GM12878,AC010761.10,30395134
CRISPR splice,2.808117642,GM12878,AC016629.8,30395134
CRISPR splice,2.984202523,GM12878,AC017002.1,30395134
CRISPR splice,2.545265532,GM12878,AC018766.4,30395134
CRISPR splice,5.070506821,GM12878,AC024560.2,30395134
CRISPR splice,2.248158159,GM12878,AC067968.3,30395134
CRISPR splice,6.084099081,GM12878,AC067969.2,30395134
CRISPR splice,2.127859326,GM12878,AC092431.3,30395134
CRISPR splice,2.307181302,GM12878,AC097532.2,30395134
CRISPR splice,2.456490931,GM12878,AC102953.4,30395134
CRISPR splice,2.031504618,GM12878,AC124944.3,30395134
CRISPR splice,2.156662756,GM12878,AC124944.5,30395134
CRISPR splice,2.012027806,GM12878,AC128709.3,30395134
CRISPR splice,4.04598069,GM12878,AC135048.13,30395134
CRISPR splice,2.242308976,GM12878,ADAMTSL4-AS1,30395134
CRISPR splice,3.306736404,GM12878,AL928742.12,30395134
CRISPR splice,3.862461473,GM12878,AP000344.3,30395134
CRISPR splice,4.194870545,GM12878,AP000356.2,30395134
CRISPR splice,2.106862231,GM12878,AP003068.9,30395134
CRISPR splice,2.352594201,GM12878,ATP1B3-AS1,30395134
CRISPR splice,2.990459785,GM12878,BCAR4,30395134
CRISPR splice,3.263777338,GM12878,BFSP2-AS1,30395134
CRISPR splice,8.793940014,GM12878,BIRC6-AS1,30395134
CRISPR splice,3.060976841,GM12878,BOK-AS1,30395134
CRISPR splice,5.130560725,GM12878,CROCCP2,30395134
CRISPR splice,2.200712738,GM12878,CTA-342B11.2,30395134
CRISPR splice,2.931712132,GM12878,CTB-25J19.1,30395134
CRISPR splice,2.168965666,GM12878,CTB-31N19.5,30395134
CRISPR splice,4.078215811,GM12878,CTB-31O20.3,30395134
CRISPR splice,2.824380882,GM12878,CTB-31O20.4,30395134
CRISPR splice,2.212771694,GM12878,CTB-31O20.6,30395134
CRISPR splice,3.016110615,GM12878,CTB-33O18.3,30395134
CRISPR splice,2.477138407,GM12878,CTB-50E14.4,30395134
CRISPR splice,3.041006742,GM12878,CTC-250I14.3,30395134
CRISPR splice,2.083825495,GM12878,CTC-367J11.1,30395134
CRISPR splice,2.095817778,GM12878,CTC-436K13.6,30395134
CRISPR splice,2.034161643,GM12878,CTC-508F8.1,30395134
CRISPR splice,2.248657862,GM12878,CTD-2270L9.4,30395134
CRISPR splice,2.180103743,GM12878,CTD-2349P21.6,30395134
CRISPR splice,4.90491646,GM12878,CTD-2517M22.17,30395134
CRISPR splice,3.003534653,GM12878,CTD-2537I9.12,30395134
CRISPR splice,2.918676328,GM12878,CTD-2644I21.1,30395134
CRISPR splice,3.581155086,GM12878,CTD-3113P16.5,30395134
CRISPR splice,2.374487938,GM12878,CTD-3193O13.14,30395134
CRISPR splice,2.089656375,GM12878,CTD-3193O13.8,30395134
CRISPR splice,2.249087026,GM12878,CYP4A22-AS1,30395134
CRISPR splice,2.781368669,GM12878,DKFZP434L187,30395134
CRISPR splice,2.875324076,GM12878,DNAH17-AS1,30395134
CRISPR splice,2.747516407,GM12878,FAM225B,30395134
CRISPR splice,2.004898906,GM12878,FAM83A-AS1,30395134
CRISPR splice,2.3102474,GM12878,FLJ40194,30395134
CRISPR splice,2.896648049,GM12878,GAS6-AS1,30395134
CRISPR splice,3.125011872,GM12878,GS1-124K5.4,30395134
CRISPR splice,3.161501488,GM12878,GS1-259H13.2,30395134
CRISPR splice,3.59351861,GM12878,H1FX-AS1,30395134
CRISPR splice,2.236234503,GM12878,HAR1A,30395134
CRISPR splice,2.884735102,GM12878,HP09025,30395134
CRISPR splice,2.215650765,GM12878,KB-1572G7.3,30395134
CRISPR splice,3.426389268,GM12878,L34079.4,30395134
CRISPR splice,2.937496993,GM12878,LA16c-380H5.3,30395134
CRISPR splice,2.248638354,GM12878,LA16c-380H5.4,30395134
CRISPR splice,3.440108803,GM12878,LINC00035,30395134
CRISPR splice,3.435146641,GM12878,LINC00174,30395134
CRISPR splice,3.840516561,GM12878,LINC00514,30395134
CRISPR splice,3.422462061,GM12878,LINC00869,30395134
CRISPR splice,2.171805638,GM12878,LINC00885,30395134
CRISPR splice,2.908886674,GM12878,LINC00910,30395134
CRISPR splice,4.243390779,GM12878,LINC00957,30395134
CRISPR splice,2.958722753,GM12878,LINC01128,30395134
CRISPR splice,2.77881748,GM12878,LINC01140,30395134
CRISPR splice,2.396976765,GM12878,LINC01388,30395134
CRISPR splice,2.213513995,GM12878,MAPT-AS1,30395134
CRISPR splice,2.981028205,GM12878,MFI2-AS1,30395134
CRISPR splice,2.211409681,GM12878,MIR371B,30395134
CRISPR splice,3.214259545,GM12878,MIR6080,30395134
CRISPR splice,2.238780759,GM12878,NKX2-2-AS1,30395134
CRISPR splice,2.062514048,GM12878,OXCT1-AS1,30395134
CRISPR splice,2.799324436,GM12878,PCAT7,30395134
CRISPR splice,2.828742337,GM12878,PDXDC2P,30395134
CRISPR splice,3.719056495,GM12878,PDZK1P2,30395134
CRISPR splice,4.146069536,GM12878,PGM5P2,30395134
CRISPR splice,3.35162835,GM12878,RP1-202O8.2,30395134
CRISPR splice,4.855927813,GM12878,RP1-283E3.8,30395134
CRISPR splice,2.681466758,GM12878,RP11-104L21.2,30395134
CRISPR splice,2.994939906,GM12878,RP11-108M9.3,30395134
CRISPR splice,2.846430136,GM12878,RP11-112H10.4,30395134
CRISPR splice,5.20992383,GM12878,RP11-117D22.1,30395134
CRISPR splice,2.136591405,GM12878,RP11-139I14.2,30395134
CRISPR splice,2.586645731,GM12878,RP11-13E1.5,30395134
CRISPR splice,3.523005659,GM12878,RP11-143J24.1,30395134
CRISPR splice,3.723088099,GM12878,RP11-148K1.12,30395134
CRISPR splice,3.737830199,GM12878,RP11-158M2.4,30395134
CRISPR splice,3.289430245,GM12878,RP11-167N4.2,30395134
CRISPR splice,2.141000121,GM12878,RP11-175D17.3,30395134
CRISPR splice,2.081108272,GM12878,RP11-192H23.5,30395134
CRISPR splice,3.167506244,GM12878,RP11-195F19.30,30395134
CRISPR splice,2.836125478,GM12878,RP11-197N18.2,30395134
CRISPR splice,3.137270272,GM12878,RP11-199F6.4,30395134
CRISPR splice,2.370652565,GM12878,RP11-20B24.4,30395134
CRISPR splice,2.049391792,GM12878,RP11-20B24.5,30395134
CRISPR splice,3.170245187,GM12878,RP11-20I23.11,30395134
CRISPR splice,2.806455329,GM12878,RP11-213G2.2,30395134
CRISPR splice,2.971658322,GM12878,RP11-218M11.3,30395134
CRISPR splice,6.885023036,GM12878,RP11-21J18.1,30395134
CRISPR splice,2.015910143,GM12878,RP11-22P6.3,30395134
CRISPR splice,3.748064992,GM12878,RP11-23E19.1,30395134
CRISPR splice,2.748251936,GM12878,RP11-243J18.2,30395134
CRISPR splice,2.359953793,GM12878,RP11-24P14.1,30395134
CRISPR splice,2.359357351,GM12878,RP11-251M1.1,30395134
CRISPR splice,2.492830548,GM12878,RP11-253M7.1,30395134
CRISPR splice,3.031825375,GM12878,RP11-263K19.4,30395134
CRISPR splice,2.954638712,GM12878,RP11-263K19.6,30395134
CRISPR splice,4.515958941,GM12878,RP11-264B17.3,30395134
CRISPR splice,3.104435897,GM12878,RP11-264B17.4,30395134
CRISPR splice,3.764168025,GM12878,RP11-264B17.5,30395134
CRISPR splice,2.302019545,GM12878,RP11-276H1.2,30395134
CRISPR splice,3.222739069,GM12878,RP11-285E9.6,30395134
CRISPR splice,3.493776347,GM12878,RP11-296I10.3,30395134
CRISPR splice,2.480275518,GM12878,RP11-297K8.2,30395134
CRISPR splice,2.950000468,GM12878,RP11-300M6.1,30395134
CRISPR splice,2.207238419,GM12878,RP11-324P9.1,30395134
CRISPR splice,2.163041334,GM12878,RP11-345P4.10,30395134
CRISPR splice,3.572945812,GM12878,RP11-34F13.2,30395134
CRISPR splice,2.006419095,GM12878,RP11-350G8.9,30395134
CRISPR splice,2.680759563,GM12878,RP11-353N4.5,30395134
CRISPR splice,2.577343266,GM12878,RP11-354P11.2,30395134
CRISPR splice,3.243375854,GM12878,RP11-372E1.6,30395134
CRISPR splice,2.146177278,GM12878,RP11-386G11.3,30395134
CRISPR splice,2.821468795,GM12878,RP11-3M1.1,30395134
CRISPR splice,3.048231252,GM12878,RP11-402L1.11,30395134
CRISPR splice,3.259377314,GM12878,RP11-426C22.4,30395134
CRISPR splice,3.90091193,GM12878,RP11-426C22.5,30395134
CRISPR splice,2.335649837,GM12878,RP11-429J17.7,30395134
CRISPR splice,2.798726732,GM12878,RP11-429J17.8,30395134
CRISPR splice,2.953656713,GM12878,RP11-455F5.5,30395134
CRISPR splice,2.322149354,GM12878,RP11-455O6.2,30395134
CRISPR splice,3.679240595,GM12878,RP11-46D6.1,30395134
CRISPR splice,2.87123559,GM12878,RP11-482M8.1,30395134
CRISPR splice,5.228844854,GM12878,RP11-483H20.4,30395134
CRISPR splice,3.021789291,GM12878,RP11-493E12.1,30395134
CRISPR splice,2.796207977,GM12878,RP11-495P10.8,30395134
CRISPR splice,5.697659436,GM12878,RP11-509A17.3,30395134
CRISPR splice,4.342077129,GM12878,RP11-514P8.8,30395134
CRISPR splice,2.808257153,GM12878,RP11-521C20.3,30395134
CRISPR splice,2.776056322,GM12878,RP11-540K16.1,30395134
CRISPR splice,2.093341882,GM12878,RP11-545G3.1,30395134
CRISPR splice,2.792495857,GM12878,RP11-546M21.6,30395134
CRISPR splice,3.274063003,GM12878,RP11-54A4.2,30395134
CRISPR splice,2.181733995,GM12878,RP11-54O7.14,30395134
CRISPR splice,3.379674279,GM12878,RP11-561O23.5,30395134
CRISPR splice,7.613764907,GM12878,RP11-561O23.7,30395134
CRISPR splice,2.751508885,GM12878,RP11-573D15.2,30395134
CRISPR splice,3.428461291,GM12878,RP11-575L7.2,30395134
CRISPR splice,2.393400594,GM12878,RP11-64C12.6,30395134
CRISPR splice,3.045820753,GM12878,RP11-66D17.5,30395134
CRISPR splice,2.781965265,GM12878,RP11-66N24.3,30395134
CRISPR splice,2.254941156,GM12878,RP11-672A2.1,30395134
CRISPR splice,2.637935455,GM12878,RP11-74C13.4,30395134
CRISPR splice,2.531039934,GM12878,RP11-74H8.1,30395134
CRISPR splice,2.225568763,GM12878,RP11-78A19.2,30395134
CRISPR splice,5.757468252,GM12878,RP11-797H7.5,30395134
CRISPR splice,3.273619302,GM12878,RP11-798K3.3,30395134
CRISPR splice,2.946086132,GM12878,RP11-7I15.4,30395134
CRISPR splice,4.131949489,GM12878,RP11-802F5.1,30395134
CRISPR splice,2.264492449,GM12878,RP11-809N8.2,30395134
CRISPR splice,5.230192449,GM12878,RP11-815J4.1,30395134
CRISPR splice,2.819457105,GM12878,RP11-83J21.3,30395134
CRISPR splice,11.47483659,GM12878,RP11-848P1.5,30395134
CRISPR splice,2.294723384,GM12878,RP11-84A19.3,30395134
CRISPR splice,3.563384696,GM12878,RP11-863P13.1,30395134
CRISPR splice,3.894104481,GM12878,RP11-863P13.2,30395134
CRISPR splice,3.094494988,GM12878,RP11-863P13.4,30395134
CRISPR splice,4.016131344,GM12878,RP11-863P13.6,30395134
CRISPR splice,4.071065396,GM12878,RP11-864I4.4,30395134
CRISPR splice,3.08386927,GM12878,RP11-867G23.4,30395134
CRISPR splice,4.876825342,GM12878,RP11-88I18.2,30395134
CRISPR splice,3.272837607,GM12878,RP11-895M11.3,30395134
CRISPR splice,2.533109944,GM12878,RP11-91H12.3,30395134
CRISPR splice,2.791101604,GM12878,RP11-93B14.5,30395134
CRISPR splice,6.685849358,GM12878,RP11-94I2.4,30395134
CRISPR splice,2.468276722,GM12878,RP11-961A15.1,30395134
CRISPR splice,4.019189421,GM12878,RP11-989E6.3,30395134
CRISPR splice,2.014808965,GM12878,RP3-340B19.3,30395134
CRISPR splice,2.133826242,GM12878,RP3-395M20.2,30395134
CRISPR splice,2.279150407,GM12878,RP3-508I15.14,30395134
CRISPR splice,2.782469551,GM12878,RP3-508I15.19,30395134
CRISPR splice,3.590959239,GM12878,RP3-512E2.2,30395134
CRISPR splice,2.531526091,GM12878,RP4-535B20.1,30395134
CRISPR splice,4.428552171,GM12878,RP4-565E6.1,30395134
CRISPR splice,3.444141347,GM12878,RP4-610C12.4,30395134
CRISPR splice,3.062073735,GM12878,RP4-756H11.3,30395134
CRISPR splice,3.133134013,GM12878,RP4-790G17.7,30395134
CRISPR splice,3.42094584,GM12878,RP5-1039K5.13,30395134
CRISPR splice,3.075413623,GM12878,RP5-1039K5.16,30395134
CRISPR splice,4.002860812,GM12878,RP5-1096D14.3,30395134
CRISPR splice,2.05694492,GM12878,RP5-1132H15.1,30395134
CRISPR splice,2.234332555,GM12878,RP5-1160K1.8,30395134
CRISPR splice,3.122168754,GM12878,RP5-1198O20.4,30395134
CRISPR splice,2.091863775,GM12878,RP5-905H7.11,30395134
CRISPR splice,2.795454926,GM12878,RUSC1-AS1,30395134
CRISPR splice,4.741710234,GM12878,SLX1B-SULT1A4,30395134
CRISPR splice,4.280766017,GM12878,SNX29P2,30395134
CRISPR splice,3.681602499,GM12878,TMEM5-AS1,30395134
CRISPR splice,2.124558261,GM12878,TTC39A-AS1,30395134
CRISPR splice,3.379379285,GM12878,XXbac-B461K10.4,30395134
CRISPR splice,3.226783476,GM12878,XXyac-YX155B6.5,30395134
CRISPR splice,2.900483615,GM12878,ZNF32-AS3,30395134
CRISPR splice,3.686120476,K562,AC137932.4,30395134
CRISPR splice,3.322312093,GM12878,LINC00969,30395134
CRISPR splice,2.79999192,GM12878,RP11-227G15.3,30395134
CRISPR splice,2.437105336,HeLa,RP11-227G15.3,30395134
CRISPR splice,2.919609908,GM12878,RP11-2C24.4,30395134
CRISPR splice,5.343625908,K562,TMEM191C,30395134
CRISPR splice,2.694477215,GM12878,TNK2-AS1,30395134
CRISPR i,17.77967464,HeLa,LH00395,27980086
CRISPR i,10.59173069,HeLa,LH00533,27980086
CRISPR i,7.432545243,HeLa,LH00570,27980086
CRISPR i,8.705360409,HeLa,LH02375,27980086
CRISPR i,7.552916308,HeLa,LH03019,27980086
CRISPR i,13.74127401,HeLa,LH03739,27980086
CRISPR i,8.507383197,HeLa,LH04121,27980086
CRISPR i,12.95721934,HeLa,LH04253,27980086
CRISPR i,12.61113532,HeLa,LH04640,27980086
CRISPR i,10.02610748,HeLa,LH05655,27980086
CRISPR i,9.639158041,HeLa,LH06415,27980086
CRISPR i,12.15640871,HeLa,LH07589,27980086
CRISPR i,22.92530553,HeLa,LH08736,27980086
CRISPR i,12.24926988,HeLa,LH12679,27980086
CRISPR i,7.172371563,HeLa,LH13468,27980086
CRISPR i,9.137121861,HeLa,LH13928,27980086
CRISPR i,11.02208559,HeLa,LH13958,27980086
CRISPR i,15.36661769,HeLa,LH13960,27980086
CRISPR i,19.25872101,HeLa,LH15315,27980086
CRISPR i,158.4729022,HeLa,LH15738,27980086
CRISPR i,29.60928812,HeLa,LH15741,27980086
CRISPR i,8.589426528,HeLa,LH16174,27980086
CRISPR i,7.994309439,HeLa,LH16193,27980086
CRISPR i,18.61399882,HeLa,LH16449,27980086
CRISPR i,8.785576983,K562,LH00096,27980086
CRISPR i,7.543811262,K562,LH00114,27980086
CRISPR i,11.62084275,K562,LH00395,27980086
CRISPR i,12.8184163,K562,LH00535,27980086
CRISPR i,7.475677927,K562,LH00824,27980086
CRISPR i,8.409974658,K562,LH01455,27980086
CRISPR i,10.59446027,K562,LH01642,27980086
CRISPR i,7.711008503,K562,LH02285,27980086
CRISPR i,7.365534399,K562,LH02403,27980086
CRISPR i,11.87769087,K562,LH02475,27980086
CRISPR i,10.45794139,K562,LH02656,27980086
CRISPR i,7.763335991,K562,LH03204,27980086
CRISPR i,26.27606429,K562,LH03252,27980086
CRISPR i,18.76720052,K562,LH03253,27980086
CRISPR i,8.740847438,K562,LH03273,27980086
CRISPR i,7.111617826,K562,LH03712,27980086
CRISPR i,27.22966029,K562,LH04017,27980086
CRISPR i,11.92334174,K562,LH04106,27980086
CRISPR i,16.34563525,K562,LH04195,27980086
CRISPR i,8.105986313,K562,LH04267,27980086
CRISPR i,10.26314141,K562,LH04465,27980086
CRISPR i,25.24171439,K562,LH04528,27980086
CRISPR i,11.33266557,K562,LH04954,27980086
CRISPR i,11.23285309,K562,LH05410,27980086
CRISPR i,10.50993042,K562,LH05636,27980086
CRISPR i,8.393446019,K562,LH05766,27980086
CRISPR i,19.46377304,K562,LH05893,27980086
CRISPR i,9.276793279,K562,LH06146,27980086
CRISPR i,7.254133762,K562,LH06436,27980086
CRISPR i,9.258290734,K562,LH06519,27980086
CRISPR i,23.62323316,K562,LH06936,27980086
CRISPR i,14.44263509,K562,LH07024,27980086
CRISPR i,8.872710712,K562,LH07134,27980086
CRISPR i,18.12985521,K562,LH07146,27980086
CRISPR i,16.04335547,K562,LH07235,27980086
CRISPR i,11.16114458,K562,LH07534,27980086
CRISPR i,11.02532411,K562,LH07598,27980086
CRISPR i,8.074985517,K562,LH07863,27980086
CRISPR i,7.128059594,K562,LH08035,27980086
CRISPR i,8.751813378,K562,LH08532,27980086
CRISPR i,11.21598305,K562,LH08577,27980086
CRISPR i,13.62637985,K562,LH08692,27980086
CRISPR i,7.390933904,K562,LH08736,27980086
CRISPR i,7.627200075,K562,LH08755,27980086
CRISPR i,7.852017873,K562,LH08901,27980086
CRISPR i,21.21552088,K562,LH08996,27980086
CRISPR i,7.459473934,K562,LH09020,27980086
CRISPR i,8.583941493,K562,LH09300,27980086
CRISPR i,10.33105544,K562,LH09582,27980086
CRISPR i,14.61339652,K562,LH09740,27980086
CRISPR i,7.45822975,K562,LH09864,27980086
CRISPR i,10.18486139,K562,LH10586,27980086
CRISPR i,9.961764534,K562,LH10772,27980086
CRISPR i,16.93750717,K562,LH11526,27980086
CRISPR i,7.617058304,K562,LH12437,27980086
CRISPR i,11.83664356,K562,LH12673,27980086
CRISPR i,35.35784425,K562,LH13598,27980086
CRISPR i,8.914122787,K562,LH14048,27980086
CRISPR i,9.30629303,K562,LH14054,27980086
CRISPR i,7.440137926,K562,LH14558,27980086
CRISPR i,10.53486659,K562,LH15315,27980086
CRISPR i,36.24148946,K562,LH15992,27980086
CRISPR i,7.911105015,K562,LH16544,27980086
CRISPR i,12.2516183,U87,LH00477,27980086
CRISPR i,9.717180887,U87,LH00771,27980086
CRISPR i,11.66219827,U87,LH00918,27980086
CRISPR i,17.86869291,U87,LH00938,27980086
CRISPR i,8.523450494,U87,LH01208,27980086
CRISPR i,14.68528403,U87,LH01811,27980086
CRISPR i,70.6826804,U87,LH01902,27980086
CRISPR i,7.368018871,U87,LH02236,27980086
CRISPR i,8.627356136,U87,LH02492,27980086
CRISPR i,12.3443929,U87,LH02694,27980086
CRISPR i,10.3151335,U87,LH02699,27980086
CRISPR i,7.056702203,U87,LH02822,27980086
CRISPR i,36.33906269,U87,LH02848,27980086
CRISPR i,11.72965048,U87,LH02855,27980086
CRISPR i,16.76143664,U87,LH02923,27980086
CRISPR i,8.802032841,U87,LH03379,27980086
CRISPR i,9.565072321,U87,LH03635,27980086
CRISPR i,44.09264253,U87,LH03739,27980086
CRISPR i,14.31856614,U87,LH04121,27980086
CRISPR i,32.70635987,U87,LH04556,27980086
CRISPR i,39.19961581,U87,LH04557,27980086
CRISPR i,8.118695343,U87,LH04679,27980086
CRISPR i,13.63805394,U87,LH04700,27980086
CRISPR i,15.63160568,U87,LH04860,27980086
CRISPR i,8.959646429,U87,LH05100,27980086
CRISPR i,10.03889693,U87,LH05189,27980086
CRISPR i,54.35708472,U87,LH05655,27980086
CRISPR i,19.34324311,U87,LH05674,27980086
CRISPR i,17.14871011,U87,LH06415,27980086
CRISPR i,7.289516841,U87,LH06548,27980086
CRISPR i,7.80153901,U87,LH06783,27980086
CRISPR i,8.271638313,U87,LH06802,27980086
CRISPR i,11.27002906,U87,LH06993,27980086
CRISPR i,15.76170153,U87,LH07052,27980086
CRISPR i,12.01042391,U87,LH07433,27980086
CRISPR i,7.506133809,U87,LH07628,27980086
CRISPR i,8.313236066,U87,LH08135,27980086
CRISPR i,10.56858841,U87,LH08872,27980086
CRISPR i,77.58088254,U87,LH08918,27980086
CRISPR i,7.265391089,U87,LH09670,27980086
CRISPR i,32.7597385,U87,LH09763,27980086
CRISPR i,15.18429859,U87,LH09807,27980086
CRISPR i,8.927051365,U87,LH10640,27980086
CRISPR i,8.468626392,U87,LH11105,27980086
CRISPR i,65.433217,U87,LH12673,27980086
CRISPR i,21.65131715,U87,LH12679,27980086
CRISPR i,7.887082855,U87,LH12937,27980086
CRISPR i,13.02474423,U87,LH13436,27980086
CRISPR i,8.013538907,U87,LH13836,27980086
CRISPR i,26.18513307,U87,LH13958,27980086
CRISPR i,56.68446257,U87,LH14528,27980086
CRISPR i,8.116772972,U87,LH14808,27980086
CRISPR i,26.90771282,U87,LH14964,27980086
CRISPR i,40.32006635,U87,LH14965,27980086
CRISPR i,9.299394063,U87,LH15510,27980086
CRISPR i,9.056193239,U87,LH16126,27980086
CRISPR i,10.14907673,U87,LH16185,27980086
CRISPR i,7.614080066,U87,LH16726,27980086
CRISPR i,11.08402745,HEK293T,LH00243,27980086
CRISPR i,13.06284397,HEK293T,LH02495,27980086
CRISPR i,7.021693823,HEK293T,LH04528,27980086
CRISPR i,9.839199818,HEK293T,LH06368,27980086
CRISPR i,7.509091367,HEK293T,LH16705,27980086
CRISPR i,35.609198,HEK293T,LH16721,27980086
CRISPR i,71.89304834,HEK293T,LH16722,27980086
CRISPR i,16.06842629,HEK293T,LH16937,27980086
CRISPR i,11.36478026,IPSC,LH00087,27980086
CRISPR i,17.51992027,IPSC,LH00173,27980086
CRISPR i,24.44480355,IPSC,LH00185,27980086
CRISPR i,9.09101775,IPSC,LH00217,27980086
CRISPR i,12.79511592,IPSC,LH00284,27980086
CRISPR i,21.74637292,IPSC,LH00368,27980086
CRISPR i,78.54262816,IPSC,LH00395,27980086
CRISPR i,14.13098392,IPSC,LH00491,27980086
CRISPR i,13.54814736,IPSC,LH00494,27980086
CRISPR i,32.59722137,IPSC,LH00504,27980086
CRISPR i,9.82342829,IPSC,LH00616,27980086
CRISPR i,9.175809842,IPSC,LH00618,27980086
CRISPR i,61.18834123,IPSC,LH00673,27980086
CRISPR i,10.99854202,IPSC,LH00741,27980086
CRISPR i,15.00900852,IPSC,LH00795,27980086
CRISPR i,13.55666373,IPSC,LH00886,27980086
CRISPR i,10.19920008,IPSC,LH00918,27980086
CRISPR i,46.01922816,IPSC,LH00938,27980086
CRISPR i,7.913600278,IPSC,LH00956,27980086
CRISPR i,8.248715986,IPSC,LH01036,27980086
CRISPR i,10.58616792,IPSC,LH01098,27980086
CRISPR i,22.87172772,IPSC,LH01128,27980086
CRISPR i,167.2176204,IPSC,LH01249,27980086
CRISPR i,33.23985709,IPSC,LH01313,27980086
CRISPR i,74.28593989,IPSC,LH01327,27980086
CRISPR i,129.6552646,IPSC,LH01365,27980086
CRISPR i,8.993944611,IPSC,LH01456,27980086
CRISPR i,16.67811496,IPSC,LH01596,27980086
CRISPR i,24.22875056,IPSC,LH01683,27980086
CRISPR i,8.02483572,IPSC,LH01751,27980086
CRISPR i,9.423197236,IPSC,LH01784,27980086
CRISPR i,18.54404341,IPSC,LH01834,27980086
CRISPR i,23.77510695,IPSC,LH01902,27980086
CRISPR i,8.148554429,IPSC,LH01946,27980086
CRISPR i,22.67362807,IPSC,LH01967,27980086
CRISPR i,16.66119248,IPSC,LH02071,27980086
CRISPR i,15.94237657,IPSC,LH02095,27980086
CRISPR i,57.32036745,IPSC,LH02126,27980086
CRISPR i,8.369501646,IPSC,LH02199,27980086
CRISPR i,8.703440773,IPSC,LH02234,27980086
CRISPR i,15.94097532,IPSC,LH02247,27980086
CRISPR i,11.78146414,IPSC,LH02254,27980086
CRISPR i,9.551541478,IPSC,LH02255,27980086
CRISPR i,7.74109736,IPSC,LH02369,27980086
CRISPR i,15.67275777,IPSC,LH02394,27980086
CRISPR i,50.30912916,IPSC,LH02475,27980086
CRISPR i,49.98834899,IPSC,LH02482,27980086
CRISPR i,8.413579892,IPSC,LH02501,27980086
CRISPR i,8.078330289,IPSC,LH02511,27980086
CRISPR i,31.62209325,IPSC,LH02535,27980086
CRISPR i,8.943320924,IPSC,LH02537,27980086
CRISPR i,35.43074823,IPSC,LH02576,27980086
CRISPR i,69.67196747,IPSC,LH02638,27980086
CRISPR i,7.344413028,IPSC,LH02714,27980086
CRISPR i,28.68603025,IPSC,LH02822,27980086
CRISPR i,9.099376811,IPSC,LH02841,27980086
CRISPR i,9.328057476,IPSC,LH02848,27980086
CRISPR i,37.69723786,IPSC,LH02855,27980086
CRISPR i,9.050338315,IPSC,LH02866,27980086
CRISPR i,13.01672753,IPSC,LH03121,27980086
CRISPR i,8.895181205,IPSC,LH03130,27980086
CRISPR i,27.43043872,IPSC,LH03131,27980086
CRISPR i,45.13929745,IPSC,LH03136,27980086
CRISPR i,12.53420424,IPSC,LH03227,27980086
CRISPR i,8.226117262,IPSC,LH03253,27980086
CRISPR i,97.49987766,IPSC,LH03273,27980086
CRISPR i,10.28101332,IPSC,LH03275,27980086
CRISPR i,7.97961186,IPSC,LH03283,27980086
CRISPR i,13.1813836,IPSC,LH03310,27980086
CRISPR i,9.652933216,IPSC,LH03315,27980086
CRISPR i,137.7162075,IPSC,LH03368,27980086
CRISPR i,103.7223881,IPSC,LH03461,27980086
CRISPR i,8.684625564,IPSC,LH03579,27980086
CRISPR i,11.96471974,IPSC,LH03644,27980086
CRISPR i,8.231701828,IPSC,LH03648,27980086
CRISPR i,12.67994548,IPSC,LH03763,27980086
CRISPR i,35.99856671,IPSC,LH03810,27980086
CRISPR i,29.95482426,IPSC,LH03931,27980086
CRISPR i,41.15979201,IPSC,LH03987,27980086
CRISPR i,35.16945179,IPSC,LH04106,27980086
CRISPR i,16.46566721,IPSC,LH04190,27980086
CRISPR i,48.63568901,IPSC,LH04253,27980086
CRISPR i,21.84161888,IPSC,LH04267,27980086
CRISPR i,47.09950669,IPSC,LH04292,27980086
CRISPR i,8.33474343,IPSC,LH04336,27980086
CRISPR i,19.29517876,IPSC,LH04396,27980086
CRISPR i,8.015960859,IPSC,LH04431,27980086
CRISPR i,27.67406657,IPSC,LH04497,27980086
CRISPR i,56.58872517,IPSC,LH04545,27980086
CRISPR i,7.890609918,IPSC,LH04639,27980086
CRISPR i,8.435028893,IPSC,LH04640,27980086
CRISPR i,20.08625956,IPSC,LH04678,27980086
CRISPR i,13.35086494,IPSC,LH04700,27980086
CRISPR i,43.26425077,IPSC,LH04804,27980086
CRISPR i,69.24583875,IPSC,LH04805,27980086
CRISPR i,8.63930895,IPSC,LH04827,27980086
CRISPR i,8.003326482,IPSC,LH04956,27980086
CRISPR i,18.25987791,IPSC,LH04960,27980086
CRISPR i,21.08942155,IPSC,LH05094,27980086
CRISPR i,11.35284664,IPSC,LH05235,27980086
CRISPR i,19.34873495,IPSC,LH05245,27980086
CRISPR i,37.78316878,IPSC,LH05270,27980086
CRISPR i,77.10124292,IPSC,LH05274,27980086
CRISPR i,10.10683104,IPSC,LH05278,27980086
CRISPR i,61.38523449,IPSC,LH05447,27980086
CRISPR i,7.374681802,IPSC,LH05449,27980086
CRISPR i,18.22838364,IPSC,LH05476,27980086
CRISPR i,44.91620778,IPSC,LH05492,27980086
CRISPR i,10.82510167,IPSC,LH05514,27980086
CRISPR i,44.02126796,IPSC,LH05518,27980086
CRISPR i,52.13334759,IPSC,LH05535,27980086
CRISPR i,51.63512449,IPSC,LH05655,27980086
CRISPR i,10.86491126,IPSC,LH05674,27980086
CRISPR i,7.410567969,IPSC,LH05703,27980086
CRISPR i,75.33381116,IPSC,LH05775,27980086
CRISPR i,129.6132174,IPSC,LH05831,27980086
CRISPR i,11.39190106,IPSC,LH05847,27980086
CRISPR i,7.388605993,IPSC,LH05852,27980086
CRISPR i,14.69254302,IPSC,LH05882,27980086
CRISPR i,14.46685144,IPSC,LH06016,27980086
CRISPR i,12.82017014,IPSC,LH06037,27980086
CRISPR i,60.635072,IPSC,LH06048,27980086
CRISPR i,31.28922629,IPSC,LH06096,27980086
CRISPR i,14.92535902,IPSC,LH06130,27980086
CRISPR i,7.208540453,IPSC,LH06150,27980086
CRISPR i,7.602686677,IPSC,LH06163,27980086
CRISPR i,8.155221495,IPSC,LH06333,27980086
CRISPR i,21.26890537,IPSC,LH06355,27980086
CRISPR i,94.58488506,IPSC,LH06368,27980086
CRISPR i,31.70039548,IPSC,LH06371,27980086
CRISPR i,10.94257754,IPSC,LH06395,27980086
CRISPR i,17.70495204,IPSC,LH06415,27980086
CRISPR i,13.18982526,IPSC,LH06459,27980086
CRISPR i,7.214656303,IPSC,LH06549,27980086
CRISPR i,10.88682708,IPSC,LH06592,27980086
CRISPR i,14.91960731,IPSC,LH06624,27980086
CRISPR i,24.71016763,IPSC,LH06645,27980086
CRISPR i,15.13412704,IPSC,LH06705,27980086
CRISPR i,121.4210018,IPSC,LH06790,27980086
CRISPR i,159.005728,IPSC,LH06791,27980086
CRISPR i,8.55327708,IPSC,LH06851,27980086
CRISPR i,15.1005781,IPSC,LH06923,27980086
CRISPR i,19.35611561,IPSC,LH06995,27980086
CRISPR i,8.257023467,IPSC,LH07077,27980086
CRISPR i,10.68924332,IPSC,LH07134,27980086
CRISPR i,10.7552418,IPSC,LH07148,27980086
CRISPR i,17.64210309,IPSC,LH07182,27980086
CRISPR i,18.69915074,IPSC,LH07353,27980086
CRISPR i,61.20800541,IPSC,LH07534,27980086
CRISPR i,111.5613972,IPSC,LH07573,27980086
CRISPR i,11.02293694,IPSC,LH07653,27980086
CRISPR i,23.42702225,IPSC,LH07658,27980086
CRISPR i,7.612704256,IPSC,LH07681,27980086
CRISPR i,8.09160466,IPSC,LH07686,27980086
CRISPR i,8.158784002,IPSC,LH07721,27980086
CRISPR i,10.31260388,IPSC,LH07726,27980086
CRISPR i,7.451800271,IPSC,LH07737,27980086
CRISPR i,8.826221893,IPSC,LH07851,27980086
CRISPR i,48.34990972,IPSC,LH07866,27980086
CRISPR i,10.93075117,IPSC,LH07937,27980086
CRISPR i,20.8741118,IPSC,LH08001,27980086
CRISPR i,9.727285109,IPSC,LH08056,27980086
CRISPR i,7.596472236,IPSC,LH08073,27980086
CRISPR i,8.568085088,IPSC,LH08172,27980086
CRISPR i,10.08823632,IPSC,LH08196,27980086
CRISPR i,8.549876624,IPSC,LH08279,27980086
CRISPR i,40.6659106,IPSC,LH08309,27980086
CRISPR i,30.06615299,IPSC,LH08325,27980086
CRISPR i,9.455251262,IPSC,LH08329,27980086
CRISPR i,7.361133179,IPSC,LH08339,27980086
CRISPR i,8.924719133,IPSC,LH08390,27980086
CRISPR i,12.48457027,IPSC,LH08446,27980086
CRISPR i,7.968118174,IPSC,LH08471,27980086
CRISPR i,7.22661855,IPSC,LH08529,27980086
CRISPR i,13.97850978,IPSC,LH08562,27980086
CRISPR i,18.28474951,IPSC,LH08586,27980086
CRISPR i,7.331440643,IPSC,LH08594,27980086
CRISPR i,7.584105215,IPSC,LH08602,27980086
CRISPR i,119.2805641,IPSC,LH08637,27980086
CRISPR i,22.34526612,IPSC,LH08638,27980086
CRISPR i,12.59883767,IPSC,LH08696,27980086
CRISPR i,118.0444038,IPSC,LH08736,27980086
CRISPR i,29.24524537,IPSC,LH08813,27980086
CRISPR i,7.751544052,IPSC,LH08895,27980086
CRISPR i,45.45263588,IPSC,LH09070,27980086
CRISPR i,7.613086253,IPSC,LH09176,27980086
CRISPR i,7.860744047,IPSC,LH09184,27980086
CRISPR i,9.968070025,IPSC,LH09287,27980086
CRISPR i,15.07261191,IPSC,LH09298,27980086
CRISPR i,8.130527086,IPSC,LH09349,27980086
CRISPR i,10.6575014,IPSC,LH09439,27980086
CRISPR i,80.2267575,IPSC,LH09449,27980086
CRISPR i,24.07890757,IPSC,LH09553,27980086
CRISPR i,15.08795704,IPSC,LH09617,27980086
CRISPR i,8.779163568,IPSC,LH09641,27980086
CRISPR i,8.253631774,IPSC,LH09645,27980086
CRISPR i,25.73016141,IPSC,LH09651,27980086
CRISPR i,59.66478619,IPSC,LH09670,27980086
CRISPR i,25.38905888,IPSC,LH09807,27980086
CRISPR i,13.01411998,IPSC,LH09864,27980086
CRISPR i,75.9977126,IPSC,LH09883,27980086
CRISPR i,7.219805535,IPSC,LH09947,27980086
CRISPR i,8.556525217,IPSC,LH09948,27980086
CRISPR i,12.49711177,IPSC,LH10060,27980086
CRISPR i,12.27099587,IPSC,LH10122,27980086
CRISPR i,7.177201334,IPSC,LH10144,27980086
CRISPR i,20.8534004,IPSC,LH10172,27980086
CRISPR i,9.088809129,IPSC,LH10209,27980086
CRISPR i,18.52298782,IPSC,LH10291,27980086
CRISPR i,19.5170366,IPSC,LH10294,27980086
CRISPR i,39.9690626,IPSC,LH10298,27980086
CRISPR i,13.47254309,IPSC,LH10459,27980086
CRISPR i,11.46033322,IPSC,LH10505,27980086
CRISPR i,36.48647193,IPSC,LH10524,27980086
CRISPR i,9.278062448,IPSC,LH10533,27980086
CRISPR i,8.749431987,IPSC,LH10905,27980086
CRISPR i,14.67664004,IPSC,LH10939,27980086
CRISPR i,7.212408591,IPSC,LH10987,27980086
CRISPR i,12.9739649,IPSC,LH11036,27980086
CRISPR i,27.32019165,IPSC,LH11049,27980086
CRISPR i,10.17842322,IPSC,LH11372,27980086
CRISPR i,30.10335705,IPSC,LH11452,27980086
CRISPR i,22.38265278,IPSC,LH11526,27980086
CRISPR i,16.77289567,IPSC,LH11587,27980086
CRISPR i,11.52257917,IPSC,LH11715,27980086
CRISPR i,27.63673224,IPSC,LH11719,27980086
CRISPR i,26.74276791,IPSC,LH11821,27980086
CRISPR i,13.81527254,IPSC,LH11920,27980086
CRISPR i,33.96465937,IPSC,LH11921,27980086
CRISPR i,8.103694808,IPSC,LH11930,27980086
CRISPR i,107.1582309,IPSC,LH11972,27980086
CRISPR i,11.57317429,IPSC,LH11976,27980086
CRISPR i,38.7426225,IPSC,LH11995,27980086
CRISPR i,8.987293564,IPSC,LH12045,27980086
CRISPR i,11.98894106,IPSC,LH12260,27980086
CRISPR i,58.21820777,IPSC,LH12331,27980086
CRISPR i,8.741450886,IPSC,LH12333,27980086
CRISPR i,10.70825008,IPSC,LH12379,27980086
CRISPR i,10.90792183,IPSC,LH12469,27980086
CRISPR i,18.65558556,IPSC,LH12547,27980086
CRISPR i,33.31157234,IPSC,LH12633,27980086
CRISPR i,8.319086618,IPSC,LH12647,27980086
CRISPR i,19.68190132,IPSC,LH12673,27980086
CRISPR i,146.8770598,IPSC,LH12679,27980086
CRISPR i,25.64867879,IPSC,LH12766,27980086
CRISPR i,7.117057676,IPSC,LH12784,27980086
CRISPR i,29.05205782,IPSC,LH12848,27980086
CRISPR i,8.683184927,IPSC,LH12870,27980086
CRISPR i,26.35997943,IPSC,LH12890,27980086
CRISPR i,27.62574017,IPSC,LH12959,27980086
CRISPR i,11.23977461,IPSC,LH13004,27980086
CRISPR i,14.12591582,IPSC,LH13078,27980086
CRISPR i,10.14365673,IPSC,LH13179,27980086
CRISPR i,54.72292923,IPSC,LH13285,27980086
CRISPR i,7.84426289,IPSC,LH13381,27980086
CRISPR i,47.91680437,IPSC,LH13527,27980086
CRISPR i,108.3010383,IPSC,LH13540,27980086
CRISPR i,61.46613601,IPSC,LH13552,27980086
CRISPR i,7.022969199,IPSC,LH13693,27980086
CRISPR i,10.20282447,IPSC,LH13774,27980086
CRISPR i,10.07180083,IPSC,LH13802,27980086
CRISPR i,10.08658508,IPSC,LH13892,27980086
CRISPR i,14.7846447,IPSC,LH13894,27980086
CRISPR i,17.05957452,IPSC,LH13958,27980086
CRISPR i,10.89512166,IPSC,LH13961,27980086
CRISPR i,70.5885208,IPSC,LH14038,27980086
CRISPR i,11.57824024,IPSC,LH14060,27980086
CRISPR i,61.61663551,IPSC,LH14181,27980086
CRISPR i,7.183938615,IPSC,LH14341,27980086
CRISPR i,10.83562567,IPSC,LH14349,27980086
CRISPR i,14.18325052,IPSC,LH14352,27980086
CRISPR i,14.42433784,IPSC,LH14503,27980086
CRISPR i,48.45686092,IPSC,LH14558,27980086
CRISPR i,12.54971034,IPSC,LH14643,27980086
CRISPR i,42.65986563,IPSC,LH14723,27980086
CRISPR i,14.64959179,IPSC,LH14736,27980086
CRISPR i,10.23249144,IPSC,LH14745,27980086
CRISPR i,13.57078763,IPSC,LH14750,27980086
CRISPR i,7.092407869,IPSC,LH14878,27980086
CRISPR i,7.197326807,IPSC,LH14880,27980086
CRISPR i,9.558010415,IPSC,LH14949,27980086
CRISPR i,7.608615233,IPSC,LH14973,27980086
CRISPR i,7.014116627,IPSC,LH15005,27980086
CRISPR i,10.49803753,IPSC,LH15008,27980086
CRISPR i,19.97067802,IPSC,LH15009,27980086
CRISPR i,32.88531537,IPSC,LH15010,27980086
CRISPR i,28.31009692,IPSC,LH15016,27980086
CRISPR i,10.83419466,IPSC,LH15033,27980086
CRISPR i,7.119825226,IPSC,LH15076,27980086
CRISPR i,56.33509561,IPSC,LH15269,27980086
CRISPR i,73.3983952,IPSC,LH15315,27980086
CRISPR i,24.39479361,IPSC,LH15319,27980086
CRISPR i,8.863495598,IPSC,LH15447,27980086
CRISPR i,14.70561963,IPSC,LH15720,27980086
CRISPR i,10.2647522,IPSC,LH15857,27980086
CRISPR i,25.9869627,IPSC,LH15992,27980086
CRISPR i,17.3457197,IPSC,LH16008,27980086
CRISPR i,7.811134721,IPSC,LH16020,27980086
CRISPR i,12.67822932,IPSC,LH16160,27980086
CRISPR i,15.06481019,IPSC,LH16185,27980086
CRISPR i,8.219333917,IPSC,LH16270,27980086
CRISPR i,13.31610434,IPSC,LH16376,27980086
CRISPR i,14.41627931,IPSC,LH16406,27980086
CRISPR i,17.35000133,IPSC,LH16407,27980086
CRISPR i,13.34460115,IPSC,LH16453,27980086
CRISPR i,7.026759041,IPSC,LH16627,27980086
CRISPR i,10.37390812,IPSC,LH16686,27980086
CRISPR i,22.63396016,IPSC,LH16722,27980086
CRISPR i,30.81704906,IPSC,LH16726,27980086
CRISPR i,57.43457975,IPSC,LH16766,27980086
CRISPR i,10.66529782,IPSC,LH16858,27980086
CRISPR i,7.296580535,IPSC,LH16968,27980086
CRISPR i,7.893802808,IPSC,LH16974,27980086
CRISPR i,12.65569384,IPSC,LH17009,27980086
CRISPR i,7.01637912,MCF7,LH00120,27980086
CRISPR i,20.571805,MCF7,LH00401,27980086
CRISPR i,15.9935586,MCF7,LH00923,27980086
CRISPR i,13.2203426,MCF7,LH01160,27980086
CRISPR i,43.8499848,MCF7,LH01365,27980086
CRISPR i,67.1887175,MCF7,LH02016,27980086
CRISPR i,12.1609557,MCF7,LH02558,27980086
CRISPR i,12.5968755,MCF7,LH02640,27980086
CRISPR i,9.04549479,MCF7,LH02848,27980086
CRISPR i,29.2767576,MCF7,LH02855,27980086
CRISPR i,19.8044713,MCF7,LH03019,27980086
CRISPR i,37.8023809,MCF7,LH03136,27980086
CRISPR i,90.1307642,MCF7,LH03277,27980086
CRISPR i,19.7455206,MCF7,LH03315,27980086
CRISPR i,13.5347275,MCF7,LH03739,27980086
CRISPR i,26.7502338,MCF7,LH04121,27980086
CRISPR i,22.1973629,MCF7,LH04640,27980086
CRISPR i,7.29949663,MCF7,LH04699,27980086
CRISPR i,13.837308,MCF7,LH05596,27980086
CRISPR i,7.27431111,MCF7,LH05806,27980086
CRISPR i,10.445491,MCF7,LH05832,27980086
CRISPR i,8.47206433,MCF7,LH06329,27980086
CRISPR i,18.3145309,MCF7,LH06368,27980086
CRISPR i,14.5567602,MCF7,LH06576,27980086
CRISPR i,8.8802236,MCF7,LH06627,27980086
CRISPR i,9.10676907,MCF7,LH07053,27980086
CRISPR i,21.0139002,MCF7,LH07054,27980086
CRISPR i,7.12166654,MCF7,LH07235,27980086
CRISPR i,8.06916147,MCF7,LH07236,27980086
CRISPR i,8.9235316,MCF7,LH07328,27980086
CRISPR i,11.6221038,MCF7,LH07534,27980086
CRISPR i,80.5999322,MCF7,LH07573,27980086
CRISPR i,8.27330702,MCF7,LH08356,27980086
CRISPR i,59.0260054,MCF7,LH08736,27980086
CRISPR i,9.01685361,MCF7,LH09876,27980086
CRISPR i,10.0403653,MCF7,LH10060,27980086
CRISPR i,9.82832939,MCF7,LH10100,27980086
CRISPR i,18.9735428,MCF7,LH12379,27980086
CRISPR i,21.0697092,MCF7,LH12673,27980086
CRISPR i,9.87789312,MCF7,LH13958,27980086
CRISPR i,10.1200807,MCF7,LH14156,27980086
CRISPR i,23.1955625,MCF7,LH14958,27980086
CRISPR i,10.8200804,MCF7,LH15119,27980086
CRISPR i,7.55908576,MCF7,LH15169,27980086
CRISPR i,15.1711644,MCF7,LH15315,27980086
CRISPR i,10.4553583,MCF7,LH15551,27980086
CRISPR i,101.001805,MCF7,LH15672,27980086
CRISPR i,17.9467244,MCF7,LH15992,27980086
CRISPR i,7.76170018,MCF7,LH16131,27980086
CRISPR i,9.0644374,MCF7,LH16202,27980086
CRISPR i,15.05952587,MDA-MB-231,LH00343,27980086
CRISPR i,12.37281889,MDA-MB-231,LH01304,27980086
CRISPR i,18.70788195,MDA-MB-231,LH01902,27980086
CRISPR i,10.04602864,MDA-MB-231,LH02486,27980086
CRISPR i,14.18303165,MDA-MB-231,LH04121,27980086
CRISPR i,24.45863157,MDA-MB-231,LH05655,27980086
CRISPR i,7.314230963,MDA-MB-231,LH05780,27980086
CRISPR i,7.932785296,MDA-MB-231,LH08677,27980086
CRISPR i,9.058333185,MDA-MB-231,LH08797,27980086
CRISPR i,10.50948206,MDA-MB-231,LH09645,27980086
CRISPR i,7.325878066,MDA-MB-231,LH09670,27980086
CRISPR i,9.188013181,MDA-MB-231,LH10158,27980086
CRISPR i,50.18879084,MDA-MB-231,LH10546,27980086
CRISPR i,7.441175522,MDA-MB-231,LH10547,27980086
CRISPR i,8.533650319,MDA-MB-231,LH10640,27980086
CRISPR i,72.36163833,MDA-MB-231,LH14165,27980086
CRISPR i,7.524505455,MDA-MB-231,LH14362,27980086
CRISPR delete,0.000016925,HeLa,AC004463.6,27798563
CRISPR delete,8.50E-06,HeLa,AC095067.1,27798563
CRISPR delete,0.0383376,Huh7.5,AC004463.6,27798563
CRISPR delete,0.224736729,Huh7.5,AC095067.1,27798563
CRISPR delete,0.0027022,Huh7.5,AC108488.4,27798563
CRISPR delete,0.0041681,Huh7.5,CKMT2-AS1,27798563
CRISPR delete,0.0018355,Huh7.5,CTA-250D10.23,27798563
CRISPR delete,0.0030213,Huh7.5,CTD-2020K17.3,27798563
CRISPR delete,0.0018532,Huh7.5,CTD-2541M15.1,27798563
CRISPR delete,0.0030724,Huh7.5,DGCR5,27798563
CRISPR delete,0.00017047,Huh7.5,HM13-AS1,27798563
CRISPR delete,0.0036476,Huh7.5,HOTAIR,27798563
CRISPR delete,0.0038632,Huh7.5,JRK,27798563
CRISPR delete,0.00018853,Huh7.5,LGALS8-AS1,27798563
CRISPR delete,0.0038904,Huh7.5,LINC00885,27798563
CRISPR delete,0.003128,Huh7.5,NEAT1,27798563
CRISPR delete,0.00085264,Huh7.5,NFE4,27798563
CRISPR delete,0.0039349,Huh7.5,PXN-AS1,27798563
CRISPR delete,0.0024885,Huh7.5,RP11-128M1.1,27798563
CRISPR delete,0.0041737,Huh7.5,RP11-195M16.1,27798563
CRISPR delete,0.00096383,Huh7.5,RP11-374P20.4,27798563
CRISPR delete,0.00043049,Huh7.5,RP11-439K3.1,27798563
CRISPR delete,0.0020057,Huh7.5,RP11-468H14.2,27798563
CRISPR delete,0.0044078,Huh7.5,RP11-525K10.3,27798563
CRISPR delete,0.0044135,Huh7.5,RP11-540O11.1,27798563
CRISPR delete,0.00099342,Huh7.5,RP11-54O7.3,27798563
CRISPR delete,0.0033803,Huh7.5,RP11-680A11.5,27798563
CRISPR delete,0.0032196,Huh7.5,RP11-789C1.2,27798563
CRISPR delete,0.0021482,Huh7.5,RP3-322G13.5,27798563
CRISPR delete,0.0022333,Huh7.5,RP5-1061H20.4,27798563
CRISPR delete,0.0022462,Huh7.5,RP5-1142A6.2,27798563
CRISPR delete,0.0003217,Huh7.5,RP5-981O7.2,27798563
CRISPR delete,0.003947,Huh7.5,VPS9D1-AS1,27798563
CRISPR delete,0.0013315,Huh7.5,DGKK,27798563
CRISPR CasRx,0.0012985,LN-18,human_lncrna_fused_12861,38409225
CRISPR CasRx,0.00031287,LN-18,human_lncrna_fused_13785,38409225
CRISPR CasRx,3.70E-12,LN-18,human_lncrna_fused_15144,38409225
CRISPR CasRx,6.24E-06,LN-18,human_lncrna_fused_15157,38409225
CRISPR CasRx,0.0001119,LN-18,human_lncrna_fused_16431,38409225
CRISPR CasRx,0.00011526,LN-18,human_lncrna_fused_16880,38409225
CRISPR CasRx,0.00097654,LN-18,human_lncrna_fused_17397,38409225
CRISPR CasRx,0.00084458,LN-18,human_lncrna_fused_23056,38409225
CRISPR CasRx,0.0002989,LN-18,human_lncrna_fused_25028,38409225
CRISPR CasRx,0.0011786,LN-18,human_lncrna_fused_31081,38409225
CRISPR CasRx,0.00086524,LN-18,human_lncrna_fused_31995,38409225
CRISPR CasRx,0.000013489,LN-18,human_lncrna_fused_34115,38409225
CRISPR CasRx,0.00008206,LN-18,human_lncrna_fused_34116,38409225
CRISPR CasRx,0.00019858,LN-18,human_lncrna_fused_34330,38409225
CRISPR CasRx,9.89E-08,LN-18,human_lncrna_fused_35063,38409225
CRISPR CasRx,0.00029083,LN-18,human_lncrna_fused_35577,38409225
CRISPR CasRx,0.00026752,LN-18,human_lncrna_fused_35582,38409225
CRISPR CasRx,7.25E-08,LN-18,human_lncrna_fused_37523,38409225
CRISPR CasRx,0.000019411,LN-18,human_lncrna_fused_3998,38409225
CRISPR CasRx,0.000029568,LN-18,human_lncrna_fused_40367,38409225
CRISPR CasRx,0.0008428,LN-18,human_lncrna_fused_41204,38409225
CRISPR CasRx,0.00037857,LN-18,human_lncrna_fused_42280,38409225
CRISPR CasRx,0.00088274,LN-18,human_lncrna_fused_42810,38409225
CRISPR CasRx,0.0003935,LN-18,human_lncrna_fused_42930,38409225
CRISPR CasRx,0.00086612,LN-18,human_lncrna_fused_43215,38409225
CRISPR CasRx,0.001236,LN-18,human_lncrna_fused_44835,38409225
CRISPR CasRx,0.000037623,LN-18,human_lncrna_fused_46544,38409225
CRISPR CasRx,0.00027355,LN-18,human_lncrna_fused_46545,38409225
CRISPR CasRx,0.00082109,LN-18,human_lncrna_fused_47473,38409225
CRISPR CasRx,0.00057619,LN-18,human_lncrna_fused_48260,38409225
CRISPR CasRx,0.00068701,LN-18,human_lncrna_fused_52709,38409225
CRISPR CasRx,0.000050672,LN-18,human_lncrna_fused_53450,38409225
CRISPR CasRx,0.00021609,LN-18,human_lncrna_fused_536,38409225
CRISPR CasRx,0.000015054,LN-18,human_lncrna_fused_54371,38409225
CRISPR CasRx,0.00056768,LN-18,human_lncrna_fused_54532,38409225
CRISPR CasRx,0.00064415,LN-18,human_lncrna_fused_57218,38409225
CRISPR CasRx,0.0008874,LN-18,human_lncrna_fused_57677,38409225
CRISPR CasRx,1.40E-06,LN-18,human_lncrna_fused_58115,38409225
CRISPR CasRx,0.00043791,LN-18,human_lncrna_fused_62148,38409225
CRISPR CasRx,0.00057482,LN-18,human_lncrna_fused_63118,38409225
CRISPR CasRx,0.00096942,LN-18,human_lncrna_fused_64603,38409225
CRISPR CasRx,0.00049664,LN-18,human_lncrna_fused_67630,38409225
CRISPR CasRx,0.00033555,LN-18,human_lncrna_fused_68218,38409225
CRISPR CasRx,0.000079458,LN-18,human_lncrna_fused_690,38409225
CRISPR CasRx,0.00012022,LN-18,human_lncrna_fused_69725,38409225
CRISPR CasRx,0.00022653,LN-18,human_lncrna_fused_70609,38409225
CRISPR CasRx,0.00083948,LN-18,human_lncrna_fused_71148,38409225
CRISPR CasRx,0.00018332,LN-18,human_lncrna_fused_71239,38409225
CRISPR CasRx,7.67E-06,LN-18,human_lncrna_fused_71248,38409225
CRISPR CasRx,0.000008599,LN-18,human_lncrna_fused_75613,38409225
CRISPR CasRx,0.00089306,LN-18,human_lncrna_fused_7903,38409225
CRISPR CasRx,0.00043515,LN-18,human_lncrna_fused_79033,38409225
CRISPR CasRx,0.00013291,LN-18,human_lncrna_fused_82491,38409225
CRISPR CasRx,0.00037911,LN-18,human_lncrna_fused_82494,38409225
CRISPR CasRx,0.00026082,LN-18,human_lncrna_fused_82523,38409225
CRISPR CasRx,0.00094287,LN-18,human_lncrna_fused_82583,38409225
CRISPR CasRx,0.0010249,LN-18,human_lncrna_fused_82759,38409225
CRISPR CasRx,0.000068926,LN-18,human_lncrna_fused_83996,38409225
CRISPR CasRx,0.00011983,LN-18,human_lncrna_fused_88973,38409225
CRISPR CasRx,0.00052436,LN-18,human_lncrna_fused_92303,38409225
CRISPR CasRx,3.81E-06,LN-18,human_lncrna_fused_92578,38409225
CRISPR CasRx,3.16E-07,LN-18,human_lncrna_fused_94783,38409225
CRISPR CasRx,0.0002408,LN-18,human_lncrna_fused_94793,38409225
CRISPR CasRx,0.00059789,LN-18,human_lncrna_fused_94797,38409225
CRISPR CasRx,0.00002044,LN-18,human_lncrna_fused_95420,38409225
CRISPR CasRx,0.00028509,LN-229,human_lncrna_fused_11899,38409225
CRISPR CasRx,4.46E-14,LN-229,human_lncrna_fused_15144,38409225
CRISPR CasRx,0.000003711,LN-229,human_lncrna_fused_15157,38409225
CRISPR CasRx,0.00011773,LN-229,human_lncrna_fused_1610,38409225
CRISPR CasRx,0.000016355,LN-229,human_lncrna_fused_16880,38409225
CRISPR CasRx,0.00041001,LN-229,human_lncrna_fused_2439,38409225
CRISPR CasRx,0.00033283,LN-229,human_lncrna_fused_31995,38409225
CRISPR CasRx,0.000045958,LN-229,human_lncrna_fused_35577,38409225
CRISPR CasRx,0.00043607,LN-229,human_lncrna_fused_36399,38409225
CRISPR CasRx,0.000081147,LN-229,human_lncrna_fused_37340,38409225
CRISPR CasRx,0.000016329,LN-229,human_lncrna_fused_37349,38409225
CRISPR CasRx,0.00010475,LN-229,human_lncrna_fused_37509,38409225
CRISPR CasRx,6.79E-07,LN-229,human_lncrna_fused_37523,38409225
CRISPR CasRx,0.00012175,LN-229,human_lncrna_fused_37524,38409225
CRISPR CasRx,0.00017568,LN-229,human_lncrna_fused_3954,38409225
CRISPR CasRx,0.00029706,LN-229,human_lncrna_fused_40676,38409225
CRISPR CasRx,0.00002092,LN-229,human_lncrna_fused_46547,38409225
CRISPR CasRx,0.000053796,LN-229,human_lncrna_fused_47473,38409225
CRISPR CasRx,0.00011388,LN-229,human_lncrna_fused_54306,38409225
CRISPR CasRx,0.00038627,LN-229,human_lncrna_fused_55159,38409225
CRISPR CasRx,0.0003641,LN-229,human_lncrna_fused_61630,38409225
CRISPR CasRx,0.00010528,LN-229,human_lncrna_fused_62148,38409225
CRISPR CasRx,0.000073087,LN-229,human_lncrna_fused_70695,38409225
CRISPR CasRx,0.00021429,LN-229,human_lncrna_fused_71681,38409225
CRISPR CasRx,0.00037822,LN-229,human_lncrna_fused_7324,38409225
CRISPR CasRx,0.000093015,LN-229,human_lncrna_fused_82491,38409225
CRISPR CasRx,0.00025979,LN-229,human_lncrna_fused_83298,38409225
CRISPR CasRx,5.58E-07,LN-229,human_lncrna_fused_83996,38409225
CRISPR CasRx,0.000041957,LN-229,human_lncrna_fused_88965,38409225
CRISPR CasRx,5.64E-07,LN-229,human_lncrna_fused_89224,38409225
CRISPR CasRx,9.66E-06,LN-229,human_lncrna_fused_90981,38409225
CRISPR CasRx,0.00017535,LN-229,human_lncrna_fused_92578,38409225
CRISPR CasRx,0.00060638,LN-229,human_lncrna_fused_94283,38409225
CRISPR CasRx,2.97E-06,LN-229,human_lncrna_fused_94783,38409225
CRISPR CasRx,0.000059913,KP-4,human_lncrna_fused_10388,38409225
CRISPR CasRx,0.00018752,KP-4,human_lncrna_fused_1179,38409225
CRISPR CasRx,0.000058432,KP-4,human_lncrna_fused_12078,38409225
CRISPR CasRx,0.00055722,KP-4,human_lncrna_fused_12101,38409225
CRISPR CasRx,0.00037861,KP-4,human_lncrna_fused_1284,38409225
CRISPR CasRx,0.0012586,KP-4,human_lncrna_fused_15015,38409225
CRISPR CasRx,1.53E-13,KP-4,human_lncrna_fused_15144,38409225
CRISPR CasRx,1.00E-09,KP-4,human_lncrna_fused_15157,38409225
CRISPR CasRx,0.00010958,KP-4,human_lncrna_fused_15858,38409225
CRISPR CasRx,0.000018073,KP-4,human_lncrna_fused_16880,38409225
CRISPR CasRx,0.00061021,KP-4,human_lncrna_fused_20610,38409225
CRISPR CasRx,0.00054382,KP-4,human_lncrna_fused_21576,38409225
CRISPR CasRx,0.000089892,KP-4,human_lncrna_fused_24029,38409225
CRISPR CasRx,0.000092355,KP-4,human_lncrna_fused_24033,38409225
CRISPR CasRx,0.0011559,KP-4,human_lncrna_fused_27459,38409225
CRISPR CasRx,0.00024781,KP-4,human_lncrna_fused_27820,38409225
CRISPR CasRx,0.00054883,KP-4,human_lncrna_fused_30411,38409225
CRISPR CasRx,1.98E-06,KP-4,human_lncrna_fused_35063,38409225
CRISPR CasRx,0.00010925,KP-4,human_lncrna_fused_35577,38409225
CRISPR CasRx,6.23E-07,KP-4,human_lncrna_fused_35582,38409225
CRISPR CasRx,0.00015235,KP-4,human_lncrna_fused_36353,38409225
CRISPR CasRx,1.08E-06,KP-4,human_lncrna_fused_37523,38409225
CRISPR CasRx,0.00025983,KP-4,human_lncrna_fused_38122,38409225
CRISPR CasRx,3.30E-06,KP-4,human_lncrna_fused_45607,38409225
CRISPR CasRx,0.00054511,KP-4,human_lncrna_fused_47428,38409225
CRISPR CasRx,0.00039194,KP-4,human_lncrna_fused_47495,38409225
CRISPR CasRx,0.00050421,KP-4,human_lncrna_fused_50893,38409225
CRISPR CasRx,0.000020707,KP-4,human_lncrna_fused_53385,38409225
CRISPR CasRx,0.00043724,KP-4,human_lncrna_fused_54306,38409225
CRISPR CasRx,0.00032916,KP-4,human_lncrna_fused_54371,38409225
CRISPR CasRx,0.000001275,KP-4,human_lncrna_fused_58115,38409225
CRISPR CasRx,0.00014952,KP-4,human_lncrna_fused_58469,38409225
CRISPR CasRx,0.0007468,KP-4,human_lncrna_fused_59161,38409225
CRISPR CasRx,6.71E-07,KP-4,human_lncrna_fused_61606,38409225
CRISPR CasRx,0.00029851,KP-4,human_lncrna_fused_6646,38409225
CRISPR CasRx,0.000095897,KP-4,human_lncrna_fused_6647,38409225
CRISPR CasRx,0.00000495,KP-4,human_lncrna_fused_69357,38409225
CRISPR CasRx,0.00043415,KP-4,human_lncrna_fused_69710,38409225
CRISPR CasRx,0.0010249,KP-4,human_lncrna_fused_69725,38409225
CRISPR CasRx,0.00059545,KP-4,human_lncrna_fused_70471,38409225
CRISPR CasRx,0.0006484,KP-4,human_lncrna_fused_71046,38409225
CRISPR CasRx,0.00038959,KP-4,human_lncrna_fused_71234,38409225
CRISPR CasRx,1.24E-06,KP-4,human_lncrna_fused_71248,38409225
CRISPR CasRx,0.00065457,KP-4,human_lncrna_fused_73601,38409225
CRISPR CasRx,0.00018513,KP-4,human_lncrna_fused_75613,38409225
CRISPR CasRx,0.00049919,KP-4,human_lncrna_fused_7566,38409225
CRISPR CasRx,0.00034304,KP-4,human_lncrna_fused_76648,38409225
CRISPR CasRx,0.00022218,KP-4,human_lncrna_fused_76859,38409225
CRISPR CasRx,0.00047841,KP-4,human_lncrna_fused_77233,38409225
CRISPR CasRx,0.0012379,KP-4,human_lncrna_fused_77342,38409225
CRISPR CasRx,0.000032684,KP-4,human_lncrna_fused_79091,38409225
CRISPR CasRx,0.00025592,KP-4,human_lncrna_fused_79943,38409225
CRISPR CasRx,0.00035715,KP-4,human_lncrna_fused_80240,38409225
CRISPR CasRx,0.00056183,KP-4,human_lncrna_fused_8036,38409225
CRISPR CasRx,0.00051406,KP-4,human_lncrna_fused_81623,38409225
CRISPR CasRx,0.00029653,KP-4,human_lncrna_fused_82491,38409225
CRISPR CasRx,0.00062745,KP-4,human_lncrna_fused_82523,38409225
CRISPR CasRx,0.0010088,KP-4,human_lncrna_fused_83149,38409225
CRISPR CasRx,0.000019049,KP-4,human_lncrna_fused_83298,38409225
CRISPR CasRx,1.38E-07,KP-4,human_lncrna_fused_83996,38409225
CRISPR CasRx,0.00068522,KP-4,human_lncrna_fused_86884,38409225
CRISPR CasRx,0.00047508,KP-4,human_lncrna_fused_87258,38409225
CRISPR CasRx,5.26E-08,KP-4,human_lncrna_fused_88961,38409225
CRISPR CasRx,0.000011302,KP-4,human_lncrna_fused_88965,38409225
CRISPR CasRx,0.00065826,KP-4,human_lncrna_fused_88968,38409225
CRISPR CasRx,0.000016221,KP-4,human_lncrna_fused_88970,38409225
CRISPR CasRx,0.000089993,KP-4,human_lncrna_fused_88971,38409225
CRISPR CasRx,0.00026304,KP-4,human_lncrna_fused_88972,38409225
CRISPR CasRx,1.03E-07,KP-4,human_lncrna_fused_88976,38409225
CRISPR CasRx,0.000036297,KP-4,human_lncrna_fused_88978,38409225
CRISPR CasRx,0.0010258,KP-4,human_lncrna_fused_89101,38409225
CRISPR CasRx,0.0012071,KP-4,human_lncrna_fused_92437,38409225
CRISPR CasRx,0.000010374,KP-4,human_lncrna_fused_92578,38409225
CRISPR CasRx,7.63E-07,KP-4,human_lncrna_fused_94783,38409225
CRISPR CasRx,0.00000813,KP-4,human_lncrna_fused_95420,38409225
CRISPR CasRx,0.00014068,KP-4,human_lncrna_fused_95943,38409225
CRISPR CasRx,0.00065705,KP-4,human_lncrna_fused_9778,38409225
CRISPR CasRx,5.20E-14,A549,human_lncrna_fused_15144,38409225
CRISPR CasRx,0.000033031,A549,human_lncrna_fused_15157,38409225
CRISPR CasRx,0.0005432,A549,human_lncrna_fused_21248,38409225
CRISPR CasRx,0.00025933,A549,human_lncrna_fused_25417,38409225
CRISPR CasRx,0.00011645,A549,human_lncrna_fused_25886,38409225
CRISPR CasRx,0.00056451,A549,human_lncrna_fused_34236,38409225
CRISPR CasRx,0.00010396,A549,human_lncrna_fused_35063,38409225
CRISPR CasRx,0.00021031,A549,human_lncrna_fused_35582,38409225
CRISPR CasRx,7.85E-06,A549,human_lncrna_fused_35998,38409225
CRISPR CasRx,0.00011947,A549,human_lncrna_fused_36353,38409225
CRISPR CasRx,0.000034542,A549,human_lncrna_fused_37523,38409225
CRISPR CasRx,0.00014026,A549,human_lncrna_fused_39328,38409225
CRISPR CasRx,0.00028342,A549,human_lncrna_fused_46547,38409225
CRISPR CasRx,0.000097385,A549,human_lncrna_fused_53725,38409225
CRISPR CasRx,0.000044764,A549,human_lncrna_fused_54371,38409225
CRISPR CasRx,8.19E-08,A549,human_lncrna_fused_54372,38409225
CRISPR CasRx,0.00026972,A549,human_lncrna_fused_56695,38409225
CRISPR CasRx,0.00021236,A549,human_lncrna_fused_57223,38409225
CRISPR CasRx,0.00030072,A549,human_lncrna_fused_61606,38409225
CRISPR CasRx,0.00033686,A549,human_lncrna_fused_65970,38409225
CRISPR CasRx,0.00025201,A549,human_lncrna_fused_72935,38409225
CRISPR CasRx,0.00045494,A549,human_lncrna_fused_78325,38409225
CRISPR CasRx,0.00025128,A549,human_lncrna_fused_84220,38409225
CRISPR CasRx,0.00064029,A549,human_lncrna_fused_88965,38409225
CRISPR CasRx,0.00001787,A549,human_lncrna_fused_94793,38409225
CRISPR CasRx,8.70E-06,A549,human_lncrna_fused_94797,38409225
CRISPR CasRx,0.00066931,MIA PaCa-2,human_lncrna_fused_10533,38409225
CRISPR CasRx,0.000092727,MIA PaCa-2,human_lncrna_fused_12457,38409225
CRISPR CasRx,3.21E-12,MIA PaCa-2,human_lncrna_fused_15144,38409225
CRISPR CasRx,0.0002062,MIA PaCa-2,human_lncrna_fused_21546,38409225
CRISPR CasRx,1.07E-07,MIA PaCa-2,human_lncrna_fused_2853,38409225
CRISPR CasRx,0.00023058,MIA PaCa-2,human_lncrna_fused_31014,38409225
CRISPR CasRx,0.00041688,MIA PaCa-2,human_lncrna_fused_31235,38409225
CRISPR CasRx,0.000059575,MIA PaCa-2,human_lncrna_fused_35063,38409225
CRISPR CasRx,2.61E-07,MIA PaCa-2,human_lncrna_fused_37523,38409225
CRISPR CasRx,0.00038599,MIA PaCa-2,human_lncrna_fused_37793,38409225
CRISPR CasRx,0.00073737,MIA PaCa-2,human_lncrna_fused_37800,38409225
CRISPR CasRx,0.0010498,MIA PaCa-2,human_lncrna_fused_42683,38409225
CRISPR CasRx,0.00023153,MIA PaCa-2,human_lncrna_fused_46544,38409225
CRISPR CasRx,0.000070507,MIA PaCa-2,human_lncrna_fused_47729,38409225
CRISPR CasRx,0.00011118,MIA PaCa-2,human_lncrna_fused_51511,38409225
CRISPR CasRx,1.52E-06,MIA PaCa-2,human_lncrna_fused_54372,38409225
CRISPR CasRx,0.00024906,MIA PaCa-2,human_lncrna_fused_60744,38409225
CRISPR CasRx,0.000088536,MIA PaCa-2,human_lncrna_fused_62893,38409225
CRISPR CasRx,2.46E-07,MIA PaCa-2,human_lncrna_fused_69357,38409225
CRISPR CasRx,0.00094307,MIA PaCa-2,human_lncrna_fused_69725,38409225
CRISPR CasRx,0.00019291,MIA PaCa-2,human_lncrna_fused_70229,38409225
CRISPR CasRx,1.36E-07,MIA PaCa-2,human_lncrna_fused_70245,38409225
CRISPR CasRx,0.00015455,MIA PaCa-2,human_lncrna_fused_74030,38409225
CRISPR CasRx,0.00062888,MIA PaCa-2,human_lncrna_fused_74716,38409225
CRISPR CasRx,0.00077471,MIA PaCa-2,human_lncrna_fused_75176,38409225
CRISPR CasRx,1.27E-06,MIA PaCa-2,human_lncrna_fused_75613,38409225
CRISPR CasRx,3.90E-06,MIA PaCa-2,human_lncrna_fused_78894,38409225
CRISPR CasRx,0.000075864,MIA PaCa-2,human_lncrna_fused_81132,38409225
CRISPR CasRx,0.00064356,MIA PaCa-2,human_lncrna_fused_82956,38409225
CRISPR CasRx,0.00006694,MIA PaCa-2,human_lncrna_fused_84023,38409225
CRISPR CasRx,0.00027053,MIA PaCa-2,human_lncrna_fused_84220,38409225
CRISPR CasRx,0.000336,MIA PaCa-2,human_lncrna_fused_87260,38409225
CRISPR CasRx,0.00027147,MIA PaCa-2,human_lncrna_fused_88965,38409225
CRISPR CasRx,0.00064125,MIA PaCa-2,human_lncrna_fused_88976,38409225
CRISPR CasRx,0.00071015,MIA PaCa-2,human_lncrna_fused_88977,38409225
CRISPR CasRx,6.15E-06,MIA PaCa-2,human_lncrna_fused_92578,38409225
CRISPR CasRx,0.000016585,MIA PaCa-2,human_lncrna_fused_94141,38409225
CRISPR CasRx,0.000089237,MIA PaCa-2,human_lncrna_fused_94165,38409225
CRISPR CasRx,2.30E-06,MIA PaCa-2,human_lncrna_fused_94783,38409225
CRISPR CasRx,0.000035025,MIA PaCa-2,human_lncrna_fused_94793,38409225
CRISPR CasRx,0.000016329,MIA PaCa-2,human_lncrna_fused_94797,38409225
CRISPR CasRx,0.00051564,MIA PaCa-2,human_lncrna_fused_95458,38409225
CRISPR CasRx,0.00038344,MIA PaCa-2,human_lncrna_fused_95869,38409225
CRISPR CasRx,3.16E-13,NIC-H460,human_lncrna_fused_15144,38409225
CRISPR CasRx,0.00019414,NIC-H460,human_lncrna_fused_1978,38409225
CRISPR CasRx,0.00016923,NIC-H460,human_lncrna_fused_20305,38409225
CRISPR CasRx,0.000151,NIC-H460,human_lncrna_fused_24947,38409225
CRISPR CasRx,0.00035508,NIC-H460,human_lncrna_fused_31188,38409225
CRISPR CasRx,0.00054581,NIC-H460,human_lncrna_fused_31995,38409225
CRISPR CasRx,0.00025141,NIC-H460,human_lncrna_fused_33350,38409225
CRISPR CasRx,0.000059913,NIC-H460,human_lncrna_fused_33351,38409225
CRISPR CasRx,2.53E-07,NIC-H460,human_lncrna_fused_35063,38409225
CRISPR CasRx,0.000036297,NIC-H460,human_lncrna_fused_36031,38409225
CRISPR CasRx,0.00019562,NIC-H460,human_lncrna_fused_37523,38409225
CRISPR CasRx,0.00036745,NIC-H460,human_lncrna_fused_40117,38409225
CRISPR CasRx,0.000042208,NIC-H460,human_lncrna_fused_40463,38409225
CRISPR CasRx,0.00025576,NIC-H460,human_lncrna_fused_42254,38409225
CRISPR CasRx,0.00045992,NIC-H460,human_lncrna_fused_42547,38409225
CRISPR CasRx,0.00031381,NIC-H460,human_lncrna_fused_42810,38409225
CRISPR CasRx,0.00053114,NIC-H460,human_lncrna_fused_47637,38409225
CRISPR CasRx,0.000046316,NIC-H460,human_lncrna_fused_54371,38409225
CRISPR CasRx,0.00037901,NIC-H460,human_lncrna_fused_59455,38409225
CRISPR CasRx,0.000026989,NIC-H460,human_lncrna_fused_59843,38409225
CRISPR CasRx,0.00045276,NIC-H460,human_lncrna_fused_63131,38409225
CRISPR CasRx,0.00026719,NIC-H460,human_lncrna_fused_67930,38409225
CRISPR CasRx,0.000090857,NIC-H460,human_lncrna_fused_70045,38409225
CRISPR CasRx,0.00030384,NIC-H460,human_lncrna_fused_74030,38409225
CRISPR CasRx,2.51E-06,NIC-H460,human_lncrna_fused_88965,38409225
CRISPR CasRx,1.97E-06,NIC-H460,human_lncrna_fused_89003,38409225
CRISPR CasRx,1.54E-10,NIC-H460,human_lncrna_fused_89007,38409225
CRISPR CasRx,0.00052231,NIC-H460,human_lncrna_fused_9020,38409225
CRISPR CasRx,0.00029565,NIC-H460,human_lncrna_fused_93875,38409225
